  0.10947885E-01
  0.36445012E-02
  0.66710956E-02
  0.72283855E-02
  0.67003166E-02
  0.58455634E-02
  0.47994319E-02
  0.39898507E-02
  0.37696758E-02
  0.42584149E-02
  0.52144071E-02
  0.61524356E-02
  0.67604870E-02
  0.76822015E-02
  0.68467185E-02
  0.39443217E-02
  0.13025063E-01
  0.52996975E-02
  0.18521134E-01
  0.63886974E-02
  0.33843972E-02
  0.61008208E-02
  0.69410566E-02
  0.65337008E-02
  0.57531039E-02
  0.46125378E-02
  0.36325305E-02
  0.33406074E-02
  0.39743065E-02
  0.50764517E-02
  0.60372661E-02
  0.66962775E-02
  0.75311200E-02
  0.59083437E-02
  0.35209029E-02
  0.66373616E-02
  0.13584662E-01
  0.66527092E-02
  0.41357196E-02
  0.92998408E-02
  0.51771444E-02
  0.10925513E-01
  0.41181995E-02
  0.25583864E-02
  0.61577732E-02
  0.68346190E-02
  0.65678373E-02
  0.56999089E-02
  0.44873687E-02
  0.28383145E-02
  0.21146749E-02
  0.35872925E-02
  0.49771681E-02
  0.60404151E-02
  0.69519823E-02
  0.74504051E-02
  0.61331068E-02
  0.24630811E-02
  0.39980705E-02
  0.81137501E-02
  0.54577246E-02
  0.44072612E-02
  0.35258520E-02
  0.29508533E-02
  0.52320046E-02
  0.35612759E-02
  0.52849704E-02
  0.32668030E-02
  0.24323019E-02
  0.15875443E-02
  0.47953548E-02
  0.73550340E-02
  0.70232616E-02
  0.69345222E-02
  0.57986867E-02
  0.46558406E-02
  0.27155187E-02
  0.21636211E-02
  0.35152627E-02
  0.50462075E-02
  0.62214916E-02
  0.72240058E-02
  0.74708766E-02
  0.70848420E-02
  0.42247644E-02
  0.13856955E-02
  0.22612245E-02
  0.28396443E-02
  0.29919390E-02
  0.30788948E-02
  0.28806415E-02
  0.24031340E-02
  0.26940060E-02
  0.35509465E-02
  0.26951124E-02
  0.34389678E-02
  0.23673034E-02
  0.19208970E-02
  0.14419912E-02
  0.32548091E-02
  0.64105561E-02
  0.10743118E-01
  0.14334212E-01
  0.14064024E-01
  0.83756813E-02
  0.68153224E-02
  0.56050203E-02
  0.39319172E-02
  0.26464464E-02
  0.55585173E-02
  0.60074672E-02
  0.74581242E-02
  0.11280673E-01
  0.14280579E-01
  0.12533234E-01
  0.86815984E-02
  0.53600990E-02
  0.31200894E-02
  0.23418231E-02
  0.21216257E-02
  0.18561481E-02
  0.21769722E-02
  0.19927998E-02
  0.17427815E-02
  0.13996516E-02
  0.20797334E-02
  0.30509618E-02
  0.22354327E-02
  0.29278398E-02
  0.16931014E-02
  0.16453592E-02
  0.13628545E-02
  0.23434753E-02
  0.46959399E-02
  0.69632714E-02
  0.13157945E-01
  0.21130983E-01
  0.18886087E-01
  0.19493726E-01
  0.14376582E-01
  0.11125243E-01
  0.47216239E-02
  0.70272997E-02
  0.15310468E-01
  0.16478289E-01
  0.18343242E-01
  0.20997342E-01
  0.17526218E-01
  0.95601521E-02
  0.56082383E-02
  0.40005209E-02
  0.24405439E-02
  0.17298857E-02
  0.14518223E-02
  0.12536209E-02
  0.12680784E-02
  0.11033229E-02
  0.77252808E-03
  0.82356921E-03
  0.15882724E-02
  0.23697158E-02
  0.17695685E-02
  0.23625906E-02
  0.13241085E-02
  0.12233729E-02
  0.92940960E-03
  0.13975405E-02
  0.29704498E-02
  0.48819238E-02
  0.85070112E-02
  0.14127852E-01
  0.16644049E-01
  0.23215841E-01
  0.25476893E-01
  0.24569613E-01
  0.62296266E-02
  0.18215507E-01
  0.30668256E-01
  0.24258800E-01
  0.18057790E-01
  0.15469724E-01
  0.95679716E-02
  0.53394074E-02
  0.38651308E-02
  0.26582680E-02
  0.17590626E-02
  0.12988776E-02
  0.10502066E-02
  0.84675163E-03
  0.60734394E-03
  0.60041378E-03
  0.64714037E-03
  0.14255576E-02
  0.11631551E-02
  0.17530181E-02
  0.13734512E-02
  0.18192624E-02
  0.10252284E-02
  0.93911075E-03
  0.64676917E-03
  0.88135331E-03
  0.21376596E-02
  0.36825620E-02
  0.57668920E-02
  0.86422539E-02
  0.10596659E-01
  0.17112506E-01
  0.21833742E-01
  0.24278675E-01
  0.67861846E-02
  0.21101081E-01
  0.27254796E-01
  0.17425600E-01
  0.94985496E-02
  0.74844060E-02
  0.58397383E-02
  0.39975036E-02
  0.27924042E-02
  0.20292630E-02
  0.15242148E-02
  0.12432298E-02
  0.10479726E-02
  0.94756794E-03
  0.12709435E-02
  0.21245053E-02
  0.22755914E-02
  0.31335507E-02
  0.81057919E-03
  0.11699937E-02
  0.10253202E-02
  0.13157097E-02
  0.76562665E-03
  0.69904255E-03
  0.45751246E-03
  0.65310189E-03
  0.16473480E-02
  0.28037715E-02
  0.44912568E-02
  0.63919086E-02
  0.77422216E-02
  0.10677778E-01
  0.13481759E-01
  0.17546766E-01
  0.62962636E-02
  0.12748708E-01
  0.14548872E-01
  0.89830480E-02
  0.60387528E-02
  0.53669970E-02
  0.41516621E-02
  0.28541810E-02
  0.21441818E-02
  0.17697468E-02
  0.15499336E-02
  0.15087306E-02
  0.16157050E-02
  0.19307223E-02
  0.31009203E-02
  0.45332560E-02
  0.42074881E-02
  0.49889606E-02
  0.58237219E-03
  0.60727725E-03
  0.72354203E-03
  0.82388402E-03
  0.53041831E-03
  0.48887351E-03
  0.32536280E-03
  0.52948379E-03
  0.13235137E-02
  0.22760959E-02
  0.36867459E-02
  0.52516099E-02
  0.62737167E-02
  0.78702553E-02
  0.99526260E-02
  0.11944693E-01
  0.49533618E-02
  0.67761958E-02
  0.78592643E-02
  0.61318642E-02
  0.42631994E-02
  0.35004487E-02
  0.27525334E-02
  0.20147702E-02
  0.17270846E-02
  0.16581651E-02
  0.16989744E-02
  0.19999703E-02
  0.25354207E-02
  0.32569193E-02
  0.50196678E-02
  0.68853071E-02
  0.59272716E-02
  0.58237909E-02
  0.66826792E-03
  0.45976205E-03
  0.55377413E-03
  0.35128011E-03
  0.32865603E-03
  0.28975688E-03
  0.24410183E-03
  0.49113582E-03
  0.10907778E-02
  0.18556370E-02
  0.30084221E-02
  0.41735579E-02
  0.51827018E-02
  0.65226844E-02
  0.81210522E-02
  0.82039803E-02
  0.54014149E-02
  0.52148360E-02
  0.56393047E-02
  0.39918585E-02
  0.25939071E-02
  0.19198004E-02
  0.16213203E-02
  0.14031979E-02
  0.14446641E-02
  0.16199338E-02
  0.19408736E-02
  0.26627199E-02
  0.36633253E-02
  0.47618919E-02
  0.65826609E-02
  0.92155124E-02
  0.98703196E-02
  0.10740203E-01
  0.90054768E-03
  0.87768231E-03
  0.82898303E-03
  0.44047859E-03
  0.29541448E-03
  0.20902028E-03
  0.26464537E-03
  0.50637748E-03
  0.92613179E-03
  0.14972041E-02
  0.23960078E-02
  0.32759783E-02
  0.40693330E-02
  0.54652397E-02
  0.66621749E-02
  0.60005154E-02
  0.47790299E-02
  0.30891648E-02
  0.30202194E-02
  0.17886609E-02
  0.10400357E-02
  0.81866530E-03
  0.98758556E-03
  0.11179538E-02
  0.13382774E-02
  0.17280905E-02
  0.24238664E-02
  0.37112257E-02
  0.52643103E-02
  0.64240627E-02
  0.11354274E-01
  0.19576518E-01
  0.15919060E-01
  0.15984813E-01
  0.73996655E-03
  0.10230089E-02
  0.10896862E-02
  0.92747313E-03
  0.74770389E-03
  0.52543353E-03
  0.46592099E-03
  0.54939366E-03
  0.77899514E-03
  0.11609041E-02
  0.18264765E-02
  0.25141825E-02
  0.32006108E-02
  0.44998870E-02
  0.54579951E-02
  0.49039583E-02
  0.43345867E-02
  0.11609996E-02
  0.85613059E-03
  0.66771291E-03
  0.72838585E-03
  0.89731132E-03
  0.10651879E-02
  0.12132410E-02
  0.15419802E-02
  0.22490021E-02
  0.34218759E-02
  0.54344288E-02
  0.75359111E-02
  0.11919924E-01
  0.21380713E-01
  0.30573116E-01
  0.27982897E-01
  0.15220525E-01
  0.54614549E-03
  0.94194694E-03
  0.12106409E-02
  0.10620171E-02
  0.87913402E-03
  0.71794911E-03
  0.71106604E-03
  0.86516919E-03
  0.12715142E-02
  0.17589594E-02
  0.23300269E-02
  0.33784932E-02
  0.42148557E-02
  0.38819280E-02
  0.36670450E-02
  0.10740471E-02
  0.10767371E-02
  0.12798587E-02
  0.12974314E-02
  0.14114125E-02
  0.15173968E-02
  0.16478630E-02
  0.21987444E-02
  0.32263731E-02
  0.47014508E-02
  0.84779407E-02
  0.14170713E-01
  0.14303015E-01
  0.12894240E-01
  0.77743250E-02
  0.15476381E-02
  0.17304358E-02
  0.16927136E-02
  0.13279699E-02
  0.10020348E-02
  0.82109777E-03
  0.85979559E-03
  0.10697629E-02
  0.14785236E-02
  0.22478921E-02
  0.29435641E-02
  0.28191652E-02
  0.28116799E-02
  0.19276412E-02
  0.20210806E-02
  0.21655297E-02
  0.22038887E-02
  0.21890906E-02
  0.22042742E-02
  0.21996886E-02
  0.24076974E-02
  0.28925822E-02
  0.41512357E-02
  0.50506854E-02
  0.52842622E-02
  0.52699157E-02
  0.29738002E-02
  0.24505121E-02
  0.21681048E-02
  0.16096248E-02
  0.10806337E-02
  0.75356304E-03
  0.77462875E-03
  0.11987617E-02
  0.17426474E-02
  0.17886991E-02
  0.19578144E-02
  0.30811981E-02
  0.32835933E-02
  0.33285630E-02
  0.34714574E-02
  0.41413396E-02
  0.30684695E-02
  0.21526387E-02
  0.28207319E-02
  0.47584305E-02
  0.48918148E-02
  0.49788155E-02
  0.49374533E-02
  0.33364696E-02
  0.25622992E-02
  0.17132105E-02
  0.10399706E-02
  0.51364637E-03
  0.73709770E-03
  0.85682806E-03
  0.11590567E-02
  0.45680660E-02
  0.80277738E-02
  0.79643685E-02
  0.78228763E-02
  0.54103441E-02
  0.35225474E-02
  0.58343111E-02
  0.67740824E-02
  0.69203726E-02
  0.67119946E-02
  0.45963825E-02
  0.29800809E-02
  0.17894715E-02
  0.41018107E-03
  0.21219464E-03
  0.50453144E-03
  0.10503585E-01
  0.18859073E-01
  0.11140250E-01
  0.57143050E-02
  0.63089980E-02
  0.69581904E-02
  0.69229470E-02
  0.98176330E-02
  0.62756569E-02
  0.20692828E-02
  0.13915479E-02
  0.11041102E-02
  0.15258197E-01
  0.58487600E-02
  0.50068367E-02
  0.54634463E-02
  0.56192298E-02
  0.14796123E-01
  0.85553850E-02
  0.14864970E-02
  0.40003209E-02
  0.37594852E-02
  0.27186992E-02
  0.32414860E-02
  0.34313162E-02
  0.18491959E-01
  0.10750998E-01
  0.15277091E-02
  0.57437511E-02
  0.19314321E-02
  0.13687314E-02
  0.13215225E-02
  0.12986087E-02
  0.19602104E-01
  0.11340600E-01
  0.16087530E-02
  0.68271989E-02
  0.10255820E-02
  0.94887804E-03
  0.95963658E-03
  0.95614527E-03
  0.19943562E-01
  0.11417493E-01
  0.17692221E-02
  0.73430738E-02
  0.66476296E-03
  0.78222682E-03
  0.85317502E-03
  0.87106646E-03
  0.19772604E-01
  0.11175675E-01
  0.18851028E-02
  0.75822103E-02
  0.57491756E-03
  0.73348395E-03
  0.81756146E-03
  0.84190906E-03
  0.19234251E-01
  0.10735255E-01
  0.19574369E-02
  0.76027068E-02
  0.59647157E-03
  0.76379338E-03
  0.84782756E-03
  0.87254152E-03
  0.18337863E-01
  0.10096870E-01
  0.19879822E-02
  0.74159469E-02
  0.68571826E-03
  0.86436134E-03
  0.94202596E-03
  0.96075051E-03
  0.17127203E-01
  0.92658266E-02
  0.19627285E-02
  0.69739811E-02
  0.88311422E-03
  0.10470456E-02
  0.10963013E-02
  0.10891583E-02
  0.14926068E-01
  0.78115926E-02
  0.18779955E-02
  0.61756139E-02
  0.13597134E-02
  0.13608921E-02
  0.12946311E-02
  0.12053143E-02
  0.11928372E-01
  0.62156322E-02
  0.16355675E-02
  0.47422486E-02
  0.25353904E-02
  0.18418800E-02
  0.16007401E-02
  0.18609597E-02
  0.88693900E-02
  0.47881243E-02
  0.17332413E-02
  0.30079426E-02
  0.79889538E-02
  0.49185637E-02
  0.51631453E-02
  0.56945636E-02
  0.63039969E-02
  0.35902825E-02
  0.23508694E-02
  0.20930777E-02
  0.12002843E-02
  0.27994713E-01
  0.12009099E-01
  0.10769177E-01
  0.10152392E-01
  0.54714903E-02
  0.39544747E-02
  0.26174252E-02
  0.24279953E-02
  0.17163645E-02
  0.11615965E-02
  0.64506045E-03
  0.31324168E-03
  0.10352909E-01
  0.31898384E-01
  0.16425594E-01
  0.82507858E-02
  0.81818767E-02
  0.10824384E-01
  0.11731246E-01
  0.18670244E-02
  0.17067557E-02
  0.18212927E-02
  0.17219037E-02
  0.13695294E-02
  0.88959601E-03
  0.68290596E-03
  0.59310910E-03
  0.84113755E-03
  0.58881627E-02
  0.20521573E-01
  0.13553764E-01
  0.26129775E-01
  0.11385996E-01
  0.39818507E-02
  0.48692136E-02
  0.65347463E-02
  0.10097515E-01
  0.81090186E-03
  0.99676524E-03
  0.10502031E-02
  0.13670300E-02
  0.14668125E-02
  0.13324871E-02
  0.10459161E-02
  0.10668356E-02
  0.13929041E-02
  0.12896181E-02
  0.15730411E-02
  0.34572892E-02
  0.72597285E-02
  0.54048699E-02
  0.11866065E-01
  0.78129393E-02
  0.77013850E-02
  0.30156847E-02
  0.19765942E-02
  0.45478635E-02
  0.56946379E-02
  0.62219357E-02
  0.24867434E-03
  0.44583904E-03
  0.86656709E-03
  0.12101141E-02
  0.13857474E-02
  0.13998857E-02
  0.13498822E-02
  0.12870540E-02
  0.12305053E-02
  0.17181169E-02
  0.23321193E-02
  0.20416240E-02
  0.22988288E-02
  0.26579839E-02
  0.34103765E-02
  0.30164372E-02
  0.43796719E-02
  0.36534737E-02
  0.41622111E-02
  0.37653167E-02
  0.49764528E-02
  0.11800889E-01
  0.18258519E-01
  0.13941382E-01
  0.12779759E-01
  0.15086418E-01
  0.33199555E-02
  0.22862967E-02
  0.12763964E-02
  0.12783739E-02
  0.12165620E-02
  0.12605452E-02
  0.12984438E-02
  0.13000577E-02
  0.13548552E-02
  0.14870511E-02
  0.16341364E-02
  0.24312830E-02
  0.32659975E-02
  0.27750636E-02
  0.30030080E-02
  0.16853411E-02
  0.25865374E-02
  0.21275671E-02
  0.28944709E-02
  0.24545302E-02
  0.30689192E-02
  0.35791768E-02
  0.47635064E-02
  0.69704867E-02
  0.10936816E-01
  0.23156934E-01
  0.37469075E-01
  0.32755892E-01
  0.36605388E-01
  0.39028212E-01
  0.26846247E-02
  0.27365975E-02
  0.15397501E-02
  0.90825024E-03
  0.80035504E-03
  0.95226245E-03
  0.10389842E-02
  0.11239264E-02
  0.11966067E-02
  0.12747943E-02
  0.14683997E-02
  0.17776194E-02
  0.20820317E-02
  0.31330407E-02
  0.41743470E-02
  0.34910543E-02
  0.36932295E-02
  0.86311530E-03
  0.15124516E-02
  0.13513876E-02
  0.20581528E-02
  0.19751441E-02
  0.23313740E-02
  0.26726739E-02
  0.32427629E-02
  0.42881140E-02
  0.52511464E-02
  0.90242315E-02
  0.20117697E-01
  0.28718795E-01
  0.42515021E-01
  0.46313378E-01
  0.54759127E-01
  0.50157129E-01
  0.88246058E-03
  0.61230087E-03
  0.31595314E-03
  0.42245319E-03
  0.62985686E-03
  0.82983695E-03
  0.94723945E-03
  0.10439650E-02
  0.11472291E-02
  0.12947144E-02
  0.16185510E-02
  0.20893220E-02
  0.25338872E-02
  0.38216732E-02
  0.50664365E-02
  0.41976985E-02
  0.43794452E-02
  0.15531327E-03
  0.50390017E-03
  0.66818276E-03
  0.13092590E-02
  0.16373487E-02
  0.19536437E-02
  0.22321579E-02
  0.25733196E-02
  0.31385182E-02
  0.38483756E-02
  0.50174498E-02
  0.73557037E-02
  0.10776711E-01
  0.24109005E-01
  0.35454154E-01
  0.35628065E-01
  0.17691902E-01
  0.33062012E-03
  0.33964011E-03
  0.49073705E-03
  0.53831300E-03
  0.74307798E-03
  0.87389515E-03
  0.94233699E-03
  0.10210856E-02
  0.11320298E-02
  0.13333868E-02
  0.17822287E-02
  0.24092412E-02
  0.29872647E-02
  0.45061742E-02
  0.59541935E-02
  0.49040001E-02
  0.50721117E-02
  0.12533662E-02
  0.56699157E-03
  0.77079777E-03
  0.10200905E-02
  0.15012734E-02
  0.18315579E-02
  0.21033413E-02
  0.23258719E-02
  0.25968150E-02
  0.29639767E-02
  0.38034998E-02
  0.52291048E-02
  0.58571063E-02
  0.78770267E-02
  0.14367677E-01
  0.21208463E-01
  0.10610353E-01
  0.70048303E-03
  0.80386453E-03
  0.83218939E-03
  0.78822281E-03
  0.93229366E-03
  0.10032603E-02
  0.99901978E-03
  0.10414302E-02
  0.11415010E-02
  0.13859299E-02
  0.19587302E-02
  0.27411986E-02
  0.34496301E-02
  0.51939572E-02
  0.68332004E-02
  0.56813601E-02
  0.52729855E-02
  0.27452139E-02
  0.22877211E-02
  0.23514105E-02
  0.19173824E-02
  0.16504381E-02
  0.19395703E-02
  0.21301166E-02
  0.22661054E-02
  0.23978209E-02
  0.25209419E-02
  0.28879933E-02
  0.35831189E-02
  0.39659302E-02
  0.57207098E-02
  0.77391498E-02
  0.84533626E-02
  0.47971554E-02
  0.11197257E-02
  0.12640313E-02
  0.11737270E-02
  0.10794502E-02
  0.11505474E-02
  0.11762694E-02
  0.10950248E-02
  0.10948183E-02
  0.11755236E-02
  0.14599108E-02
  0.21611308E-02
  0.31049764E-02
  0.39478314E-02
  0.57649587E-02
  0.72392825E-02
  0.62544020E-02
  0.59684314E-02
  0.41763656E-02
  0.40448394E-02
  0.43083564E-02
  0.34640633E-02
  0.22040162E-02
  0.22975933E-02
  0.22685587E-02
  0.22736217E-02
  0.22971660E-02
  0.22713862E-02
  0.23281351E-02
  0.25458884E-02
  0.26306541E-02
  0.41655803E-02
  0.51662606E-02
  0.47226200E-02
  0.43268230E-02
  0.15421011E-02
  0.17152623E-02
  0.15227606E-02
  0.13736217E-02
  0.13833975E-02
  0.13738526E-02
  0.12195795E-02
  0.11816000E-02
  0.12495709E-02
  0.15899939E-02
  0.24419199E-02
  0.35484708E-02
  0.46168753E-02
  0.65962793E-02
  0.87346832E-02
  0.77724099E-02
  0.65208482E-02
  0.52617530E-02
  0.58956588E-02
  0.63432190E-02
  0.50805374E-02
  0.31165851E-02
  0.29050862E-02
  0.25277075E-02
  0.23374151E-02
  0.22574534E-02
  0.21356887E-02
  0.20112344E-02
  0.18601032E-02
  0.16539376E-02
  0.23182229E-02
  0.29887402E-02
  0.29243894E-02
  0.31711360E-02
  0.19643793E-02
  0.21631980E-02
  0.18772298E-02
  0.16696639E-02
  0.16276848E-02
  0.15943766E-02
  0.13810586E-02
  0.13240529E-02
  0.13986515E-02
  0.18082619E-02
  0.28275550E-02
  0.41930747E-02
  0.52993437E-02
  0.80116176E-02
  0.10935928E-01
  0.96799987E-02
  0.90507692E-02
  0.67484841E-02
  0.14701272E-01
  0.10398480E-01
  0.66478434E-02
  0.45696253E-02
  0.38961495E-02
  0.29925748E-02
  0.25077725E-02
  0.23006951E-02
  0.21143920E-02
  0.19342784E-02
  0.16499519E-02
  0.13280089E-02
  0.96913406E-03
  0.93154960E-03
  0.98583113E-03
  0.16201798E-02
  0.23875723E-02
  0.26087782E-02
  0.22354786E-02
  0.20247879E-02
  0.19394967E-02
  0.18674001E-02
  0.15575887E-02
  0.15215555E-02
  0.16512757E-02
  0.21788755E-02
  0.34409823E-02
  0.52732589E-02
  0.63337029E-02
  0.10371731E-01
  0.15430526E-01
  0.11579623E-01
  0.11258559E-01
  0.11355090E-01
  0.32319503E-01
  0.24295955E-01
  0.13753281E-01
  0.63952110E-02
  0.57113413E-02
  0.39360737E-02
  0.29933194E-02
  0.25480044E-02
  0.22574498E-02
  0.20756989E-02
  0.18325269E-02
  0.14894721E-02
  0.12244121E-02
  0.59165376E-03
  0.33196725E-03
  0.13598810E-03
  0.28179386E-02
  0.27033023E-02
  0.25733178E-02
  0.24172858E-02
  0.23219688E-02
  0.22039321E-02
  0.18166997E-02
  0.18271566E-02
  0.20134867E-02
  0.26517539E-02
  0.43293735E-02
  0.65280920E-02
  0.84792866E-02
  0.14145936E-01
  0.21589337E-01
  0.25790323E-01
  0.20631898E-01
  0.45681383E-01
  0.36759503E-01
  0.32676194E-01
  0.16386487E-01
  0.10142702E-01
  0.53033683E-02
  0.40674567E-02
  0.32897850E-02
  0.27227466E-02
  0.24629224E-02
  0.22782019E-02
  0.18712713E-02
  0.20971322E-02
  0.13622151E-02
  0.14234172E-02
  0.76628754E-03
  0.33569047E-02
  0.37821773E-02
  0.30959399E-02
  0.28309534E-02
  0.28266460E-02
  0.25260068E-02
  0.20868537E-02
  0.20264648E-02
  0.22437241E-02
  0.30007372E-02
  0.51192120E-02
  0.83253932E-02
  0.95311932E-02
  0.13233114E-01
  0.13951321E-01
  0.22335914E-01
  0.20985435E-01
  0.22463651E-01
  0.11217719E-01
  0.54359883E-02
  0.45308692E-02
  0.34247614E-02
  0.29776214E-02
  0.29308264E-02
  0.23660544E-02
  0.30804940E-02
  0.21763482E-02
  0.25402572E-02
  0.16062310E-02
  0.40417351E-02
  0.49898914E-02
  0.37952706E-02
  0.36881636E-02
  0.39044814E-02
  0.31664359E-02
  0.24579015E-02
  0.17836593E-02
  0.15813184E-02
  0.18863998E-02
  0.25863178E-02
  0.36528306E-02
  0.56782917E-02
  0.66966770E-02
  0.59790561E-02
  0.49061758E-02
  0.37237177E-02
  0.41213412E-02
  0.45582545E-02
  0.51920435E-02
  0.40309947E-02
  0.44882570E-02
  0.30340368E-02
  0.34376990E-02
  0.25702995E-02
  0.48845099E-02
  0.72816555E-02
  0.59622370E-02
  0.53607184E-02
  0.53507387E-02
  0.40535128E-02
  0.27558659E-02
  0.25133286E-02
  0.41420831E-02
  0.48725837E-02
  0.53238320E-02
  0.51944110E-02
  0.35295605E-02
  0.38889733E-02
  0.84117105E-02
  0.13170107E-01
  0.10194238E-01
  0.13477259E-01
  0.61478146E-02
  0.75276125E-02
  0.32709867E-02
  0.72496814E-02
  0.10961330E-01
  0.92613494E-02
  0.84238579E-02
  0.59405463E-02
  0.38023099E-02
  0.57408193E-02
  0.65513934E-02
  0.66800664E-02
  0.56247847E-02
  0.40736100E-02
  0.80520062E-02
  0.16363481E-01
  0.26943949E-01
  0.14898772E-01
  0.20347825E-01
  0.56083259E-02
  0.10430958E-01
  0.17633537E-01
  0.10812469E-01
  0.62199863E-02
  0.61518148E-02
  0.60180951E-02
  0.51777392E-02
  0.42960705E-02
  0.58965179E-02
  0.12534183E-01
  0.21621875E-01
  0.29673957E-01
  0.10696299E-01
  0.12220425E-01
  0.51391861E-02
  0.37994332E-02
  0.33222562E-02
  0.27426966E-02
  0.33415957E-02
  0.60662890E-02
  0.12181681E-01
  0.23641203E-01
  0.30945325E-02
  0.19247330E-02
  0.21053689E-02
  0.24580687E-02
  0.29093584E-02
  0.42993639E-02
  0.71614928E-02
  0.13418921E-02
  0.13803688E-02
  0.18315075E-02
  0.22401154E-02
  0.26270718E-02
  0.30505375E-02
  0.35972275E-02
  0.57714306E-03
  0.11130694E-02
  0.16203740E-02
  0.20427905E-02
  0.24134456E-02
  0.26805098E-02
  0.28780127E-02
  0.42191593E-03
  0.99317337E-03
  0.14884061E-02
  0.19106691E-02
  0.22662391E-02
  0.25486542E-02
  0.27649042E-02
  0.48532070E-03
  0.10367094E-02
  0.15649285E-02
  0.19877441E-02
  0.23010916E-02
  0.25310934E-02
  0.27758899E-02
  0.59370446E-03
  0.11087570E-02
  0.16558602E-02
  0.20881292E-02
  0.23832381E-02
  0.25938924E-02
  0.28417218E-02
  0.65935827E-03
  0.11655746E-02
  0.16991922E-02
  0.21266435E-02
  0.24254067E-02
  0.26392301E-02
  0.28774127E-02
  0.65422027E-03
  0.12036579E-02
  0.16919148E-02
  0.20948368E-02
  0.24301650E-02
  0.26963546E-02
  0.29066613E-02
  0.75193013E-03
  0.13789006E-02
  0.18791671E-02
  0.22937392E-02
  0.26417147E-02
  0.28881328E-02
  0.30227201E-02
  0.92206369E-03
  0.17014386E-02
  0.22095298E-02
  0.25920643E-02
  0.29660128E-02
  0.32221689E-02
  0.33487493E-02
  0.15817871E-02
  0.23260798E-02
  0.26506844E-02
  0.29606970E-02
  0.35042960E-02
  0.40824251E-02
  0.49736263E-02
  0.51999669E-02
  0.48370041E-02
  0.52362471E-02
  0.37347279E-02
  0.47563473E-02
  0.68342889E-02
  0.12048830E-01
  0.27748832E-01
  0.21849374E-01
  0.16728797E-01
  0.12103171E-01
  0.10651888E-01
  0.15841557E-01
  0.30835517E-01
  0.36597419E-02
  0.71576398E-02
  0.15681319E-01
  0.24816464E-01
  0.37380690E-01
  0.19901026E-01
  0.30171132E-01
  0.30789385E-01
  0.27470323E-01
  0.18639383E-01
  0.15381134E-01
  0.21470109E-01
  0.36403745E-01
  0.21094692E-01
  0.82552501E-02
  0.34865697E-02
  0.30535253E-02
  0.36252860E-02
  0.88178027E-02
  0.56564727E-02
  0.10359095E-01
  0.15467521E-01
  0.23357266E-01
  0.27255784E-01
  0.13618937E-01
  0.79170013E-02
  0.13855804E-01
  0.14775075E-01
  0.92434750E-02
  0.43766835E-02
  0.16410608E-01
  0.25905989E-01
  0.17791184E-01
  0.84724695E-02
  0.45448000E-02
  0.34340076E-02
  0.32441910E-02
  0.31183878E-02
  0.28822391E-02
  0.52575158E-02
  0.35060290E-02
  0.53127233E-02
  0.39573390E-02
  0.64522316E-02
  0.99717287E-02
  0.19282194E-01
  0.20899047E-01
  0.13876812E-01
  0.79865517E-02
  0.83498913E-02
  0.81405635E-02
  0.70598121E-02
  0.10902358E-01
  0.20239652E-01
  0.25943807E-01
  0.18669437E-01
  0.73225719E-02
  0.41532804E-02
  0.28783842E-02
  0.29235638E-02
  0.25406547E-02
  0.24862311E-02
  0.21399461E-02
  0.34554580E-02
  0.43787460E-02
  0.29756830E-02
  0.38017584E-02
  0.27927037E-02
  0.28956150E-02
  0.33090415E-02
  0.42827259E-02
  0.72809405E-02
  0.12522545E-01
  0.25112421E-01
  0.40934625E-01
  0.33459987E-01
  0.35707595E-01
  0.35924398E-01
  0.30685204E-01
  0.38366598E-01
  0.39414433E-01
  0.23996391E-01
  0.13475933E-01
  0.76286794E-02
  0.45955032E-02
  0.36157563E-02
  0.30537264E-02
  0.25305296E-02
  0.22063363E-02
  0.17885571E-02
  0.16908438E-02
  0.13450769E-02
  0.29870899E-02
  0.35336045E-02
  0.26472941E-02
  0.35559005E-02
  0.24346515E-02
  0.27752089E-02
  0.26755061E-02
  0.28843759E-02
  0.35774931E-02
  0.46423181E-02
  0.58975906E-02
  0.15751716E-01
  0.35720361E-01
  0.54372478E-01
  0.56492476E-01
  0.64186868E-01
  0.63028671E-01
  0.62316282E-01
  0.56808391E-01
  0.46937072E-01
  0.28715299E-01
  0.12700998E-01
  0.56481643E-02
  0.48920669E-02
  0.40317889E-02
  0.34799891E-02
  0.31062163E-02
  0.27457185E-02
  0.22218775E-02
  0.16647721E-02
  0.12817202E-02
  0.11326235E-02
  0.78736364E-03
  0.26288255E-02
  0.34578265E-02
  0.24782048E-02
  0.31349061E-02
  0.22602570E-02
  0.24765458E-02
  0.23932928E-02
  0.24556717E-02
  0.27080891E-02
  0.32043667E-02
  0.40824422E-02
  0.60307844E-02
  0.67377427E-02
  0.18997993E-01
  0.38712727E-01
  0.41400484E-01
  0.38682726E-01
  0.55681846E-01
  0.55614347E-01
  0.27529330E-01
  0.71093702E-02
  0.55305897E-02
  0.48975231E-02
  0.40551262E-02
  0.36671856E-02
  0.34381550E-02
  0.32277918E-02
  0.29773238E-02
  0.26329108E-02
  0.21050082E-02
  0.14618631E-02
  0.12580434E-02
  0.11501043E-02
  0.12759698E-02
  0.22839587E-02
  0.30244361E-02
  0.21988700E-02
  0.28494710E-02
  0.21027058E-02
  0.22764345E-02
  0.22221688E-02
  0.22468844E-02
  0.24044491E-02
  0.26975030E-02
  0.33074894E-02
  0.45218522E-02
  0.49742973E-02
  0.63805933E-02
  0.10510314E-01
  0.15830155E-01
  0.10057319E-01
  0.12420751E-01
  0.85398133E-02
  0.58929725E-02
  0.37982453E-02
  0.35630900E-02
  0.34984266E-02
  0.33102953E-02
  0.33002467E-02
  0.32799323E-02
  0.31746022E-02
  0.29889157E-02
  0.27017705E-02
  0.22123840E-02
  0.19241562E-02
  0.23029809E-02
  0.22092422E-02
  0.26363805E-02
  0.19432796E-02
  0.25911695E-02
  0.19177317E-02
  0.24949059E-02
  0.19489693E-02
  0.21238877E-02
  0.21044245E-02
  0.21264335E-02
  0.22323597E-02
  0.24366394E-02
  0.29350276E-02
  0.38452085E-02
  0.42058197E-02
  0.58508793E-02
  0.71084451E-02
  0.59593778E-02
  0.46650629E-02
  0.48092927E-02
  0.48897135E-02
  0.35429509E-02
  0.24340042E-02
  0.25465339E-02
  0.28706134E-02
  0.30174205E-02
  0.31638936E-02
  0.32353353E-02
  0.32018352E-02
  0.31078272E-02
  0.29602588E-02
  0.26226515E-02
  0.30977727E-02
  0.41358348E-02
  0.37529691E-02
  0.42477733E-02
  0.16086318E-02
  0.21665671E-02
  0.16434530E-02
  0.21476684E-02
  0.18082495E-02
  0.19909638E-02
  0.20163352E-02
  0.20538534E-02
  0.21369311E-02
  0.22756401E-02
  0.26320724E-02
  0.33299787E-02
  0.34792555E-02
  0.51697251E-02
  0.61677214E-02
  0.52279515E-02
  0.44838873E-02
  0.28534578E-02
  0.28045545E-02
  0.19303445E-02
  0.16399634E-02
  0.20694142E-02
  0.25800863E-02
  0.28869615E-02
  0.31099486E-02
  0.32455474E-02
  0.32967720E-02
  0.33515785E-02
  0.34499737E-02
  0.33844009E-02
  0.46213748E-02
  0.61664665E-02
  0.53750109E-02
  0.54697355E-02
  0.12843923E-02
  0.17563661E-02
  0.13836974E-02
  0.18157784E-02
  0.16832287E-02
  0.18770193E-02
  0.19475477E-02
  0.20039311E-02
  0.20718427E-02
  0.21604116E-02
  0.23977224E-02
  0.29226917E-02
  0.29917312E-02
  0.45049131E-02
  0.54369594E-02
  0.46225546E-02
  0.40635426E-02
  0.12605069E-02
  0.14024791E-02
  0.11688898E-02
  0.14336221E-02
  0.19820130E-02
  0.25074901E-02
  0.28593914E-02
  0.31260682E-02
  0.33334041E-02
  0.35145043E-02
  0.38033027E-02
  0.42564295E-02
  0.45223880E-02
  0.60623507E-02
  0.85009625E-02
  0.90466282E-02
  0.12642604E-01
  0.10156233E-02
  0.13806959E-02
  0.11497541E-02
  0.15027595E-02
  0.15737712E-02
  0.17850114E-02
  0.18952892E-02
  0.19674438E-02
  0.20232352E-02
  0.20715470E-02
  0.22052606E-02
  0.25595222E-02
  0.25365219E-02
  0.37917036E-02
  0.46167952E-02
  0.39637470E-02
  0.34842115E-02
  0.83301995E-03
  0.13835272E-02
  0.13779529E-02
  0.16208144E-02
  0.21388988E-02
  0.26081384E-02
  0.29508311E-02
  0.32771209E-02
  0.36223098E-02
  0.40534064E-02
  0.47505507E-02
  0.57184523E-02
  0.59386411E-02
  0.11584327E-01
  0.22887243E-01
  0.24582109E-01
  0.28418113E-01
  0.12432628E-02
  0.11353297E-02
  0.95385182E-03
  0.11600106E-02
  0.14162576E-02
  0.16855476E-02
  0.18475893E-02
  0.19377737E-02
  0.19832532E-02
  0.19981826E-02
  0.20464090E-02
  0.22433964E-02
  0.21341032E-02
  0.30943759E-02
  0.37978632E-02
  0.32677695E-02
  0.29096882E-02
  0.13933465E-02
  0.19526563E-02
  0.18917881E-02
  0.19999182E-02
  0.24565739E-02
  0.29002650E-02
  0.32366046E-02
  0.37795959E-02
  0.44565885E-02
  0.51770901E-02
  0.61137210E-02
  0.84554928E-02
  0.14028746E-01
  0.30870574E-01
  0.48877014E-01
  0.43458535E-01
  0.29507031E-01
  0.52735571E-02
  0.23048844E-02
  0.12751591E-02
  0.71334166E-03
  0.86634680E-03
  0.13486319E-02
  0.16917435E-02
  0.18740549E-02
  0.19391816E-02
  0.19338063E-02
  0.19148413E-02
  0.19744237E-02
  0.17963533E-02
  0.24281834E-02
  0.30101205E-02
  0.25914526E-02
  0.23441054E-02
  0.22032739E-02
  0.26720421E-02
  0.25138186E-02
  0.26543334E-02
  0.28827789E-02
  0.33519911E-02
  0.36817123E-02
  0.43586918E-02
  0.53592217E-02
  0.59491695E-02
  0.10237842E-01
  0.21114002E-01
  0.32080167E-01
  0.46911318E-01
  0.52049655E-01
  0.52105131E-01
  0.44410385E-01
  0.20674939E-02
  0.12453020E-02
  0.83024148E-03
  0.66981681E-03
  0.10079505E-02
  0.15773841E-02
  0.18281945E-02
  0.18730578E-02
  0.18170025E-02
  0.17627760E-02
  0.15389469E-02
  0.18176294E-02
  0.22721356E-02
  0.19469753E-02
  0.17969175E-02
  0.31740727E-02
  0.36429662E-02
  0.34926226E-02
  0.40916107E-02
  0.51877421E-02
  0.58007578E-02
  0.63441325E-02
  0.60518995E-02
  0.68957698E-02
  0.87838493E-02
  0.19248261E-01
  0.30283597E-01
  0.25328423E-01
  0.23898607E-01
  0.23645414E-01
  0.14786198E-02
  0.86826462E-03
  0.16720036E-02
  0.15996903E-02
  0.17033429E-02
  0.18551956E-02
  0.18194276E-02
  0.16703158E-02
  0.13972127E-02
  0.13399301E-02
  0.16499344E-02
  0.13863353E-02
  0.12856843E-02
  0.46741826E-02
  0.81437234E-02
  0.87729191E-02
  0.10602451E-01
  0.13387071E-01
  0.12751649E-01
  0.10983477E-01
  0.71902013E-02
  0.49515961E-02
  0.83088530E-02
  0.81905031E-02
  0.50953264E-02
  0.46363686E-02
  0.12707809E-02
  0.12351544E-02
  0.22141190E-02
  0.26269601E-02
  0.24082492E-02
  0.19995745E-02
  0.15474310E-02
  0.11764199E-02
  0.13086545E-02
  0.10645407E-02
  0.87926945E-03
  0.11540132E-01
  0.20567069E-01
  0.21742513E-01
  0.20170219E-01
  0.23693410E-01
  0.19486696E-01
  0.10901508E-01
  0.41788794E-02
  0.28621364E-02
  0.40485894E-02
  0.75699987E-02
  0.28326020E-02
  0.24634512E-02
  0.33565353E-02
  0.34783000E-02
  0.27348619E-02
  0.17036099E-02
  0.15100388E-02
  0.12206151E-02
  0.78049801E-03
  0.24836639E-01
  0.27995201E-01
  0.30774056E-01
  0.28047519E-01
  0.21295810E-01
  0.10270211E-01
  0.49114425E-02
  0.69360230E-02
  0.87486407E-02
  0.50497374E-02
  0.37331361E-02
  0.46551797E-02
  0.39131739E-02
  0.28575652E-02
  0.21183729E-02
  0.13358263E-02
  0.29394603E-01
  0.32894511E-01
  0.28208347E-01
  0.18002902E-01
  0.91675912E-02
  0.89293353E-02
  0.75206640E-02
  0.84381187E-02
  0.38713221E-02
  0.42261314E-02
  0.65866479E-02
  0.35782213E-02
  0.31426221E-01
  0.19890624E-01
  0.10108114E-01
  0.68270029E-02
  0.66595717E-02
  0.14269234E-01
  0.40487000E-02
  0.75704949E-02
  0.20983078E-01
  0.11157259E-01
  0.60185114E-02
  0.35832180E-02
  0.28933114E-02
  0.21475496E-01
  0.44222026E-02
  0.10915599E-01
  0.26116220E-01
  0.41105268E-02
  0.32217190E-02
  0.28267310E-02
  0.27042760E-02
  0.26049835E-01
  0.51660454E-02
  0.13166170E-01
  0.30823547E-01
  0.24907813E-02
  0.25656041E-02
  0.25782871E-02
  0.25286888E-02
  0.27500178E-01
  0.54872409E-02
  0.13586061E-01
  0.32432144E-01
  0.20516939E-02
  0.22703472E-02
  0.23513781E-02
  0.23627184E-02
  0.27350478E-01
  0.55015664E-02
  0.13291889E-01
  0.32005761E-01
  0.19025232E-02
  0.21210926E-02
  0.22206682E-02
  0.22464488E-02
  0.26139134E-01
  0.53802185E-02
  0.12424017E-01
  0.30153966E-01
  0.18677287E-02
  0.20837818E-02
  0.21876016E-02
  0.22167290E-02
  0.23831694E-01
  0.50601563E-02
  0.11007944E-01
  0.26998475E-01
  0.19400767E-02
  0.21607989E-02
  0.22583093E-02
  0.22814626E-02
  0.20350445E-01
  0.45440715E-02
  0.90254540E-02
  0.22608987E-01
  0.21707517E-02
  0.23658010E-02
  0.24282029E-02
  0.24197062E-02
  0.16080339E-01
  0.40857386E-02
  0.65002826E-02
  0.17422567E-01
  0.27993678E-02
  0.27492473E-02
  0.26839534E-02
  0.26151712E-02
  0.11748531E-01
  0.45192323E-02
  0.43634945E-02
  0.12028916E-01
  0.59957494E-02
  0.40778333E-02
  0.31814774E-02
  0.28124623E-02
  0.79805015E-02
  0.44682779E-02
  0.33443782E-02
  0.58885297E-02
  0.18513061E-01
  0.10149853E-01
  0.52968247E-02
  0.37576647E-02
  0.55473917E-02
  0.39874997E-02
  0.37230013E-02
  0.35229431E-02
  0.24726449E-02
  0.32095281E-01
  0.20772766E-01
  0.14086659E-01
  0.11373643E-01
  0.95509457E-02
  0.34130018E-02
  0.28574051E-02
  0.35190464E-02
  0.28186652E-02
  0.22471264E-02
  0.14181056E-02
  0.87921922E-03
  0.22557371E-01
  0.34605020E-01
  0.25836017E-01
  0.17770530E-01
  0.90673041E-02
  0.13418285E-01
  0.15535259E-01
  0.19855196E-02
  0.17602324E-02
  0.23783200E-02
  0.24119227E-02
  0.18012768E-02
  0.12564051E-02
  0.11140768E-02
  0.84900635E-03
  0.76592720E-03
  0.14672860E-01
  0.31004317E-01
  0.23481596E-01
  0.33287395E-01
  0.20436257E-01
  0.83751658E-02
  0.45670862E-02
  0.75635559E-02
  0.95238140E-02
  0.12269817E-02
  0.98847344E-03
  0.14029964E-02
  0.15939962E-02
  0.16913195E-02
  0.15842681E-02
  0.12664241E-02
  0.11266281E-02
  0.13338388E-02
  0.12015027E-02
  0.14289991E-02
  0.53539201E-02
  0.19968782E-01
  0.14916135E-01
  0.28025383E-01
  0.24571928E-01
  0.17359075E-01
  0.70496093E-02
  0.14006142E-02
  0.28492337E-02
  0.38820812E-02
  0.42402649E-02
  0.88713933E-03
  0.64294254E-03
  0.52015745E-03
  0.88868919E-03
  0.13215437E-02
  0.15796820E-02
  0.16394951E-02
  0.15806234E-02
  0.14150369E-02
  0.17218272E-02
  0.22929640E-02
  0.20461981E-02
  0.23439520E-02
  0.36888667E-02
  0.60780922E-02
  0.54551508E-02
  0.12001124E-01
  0.98561184E-02
  0.11770186E-01
  0.87062732E-02
  0.63539434E-02
  0.14685540E-01
  0.19195668E-01
  0.17107816E-01
  0.14005603E-01
  0.12246271E-01
  0.15597506E-02
  0.77954425E-03
  0.47397583E-03
  0.54046835E-03
  0.10138286E-02
  0.14120115E-02
  0.16415380E-02
  0.17341394E-02
  0.17879761E-02
  0.18554232E-02
  0.18575799E-02
  0.26054365E-02
  0.34965051E-02
  0.30134681E-02
  0.33171374E-02
  0.22008119E-02
  0.32440909E-02
  0.27541312E-02
  0.40931458E-02
  0.39155715E-02
  0.52348424E-02
  0.58363987E-02
  0.65433794E-02
  0.91130411E-02
  0.18303108E-01
  0.33509391E-01
  0.42640930E-01
  0.39327587E-01
  0.43340687E-01
  0.45632486E-01
  0.11400721E-02
  0.10804272E-02
  0.56227070E-03
  0.50058693E-03
  0.76539594E-03
  0.11322216E-02
  0.14265273E-02
  0.16268052E-02
  0.17597497E-02
  0.18546693E-02
  0.20107390E-02
  0.22535431E-02
  0.24430787E-02
  0.35763386E-02
  0.47613594E-02
  0.40100898E-02
  0.43086616E-02
  0.11872729E-02
  0.19767379E-02
  0.17832821E-02
  0.26557763E-02
  0.28696565E-02
  0.35524926E-02
  0.41665821E-02
  0.47210446E-02
  0.63218651E-02
  0.81272200E-02
  0.17511189E-01
  0.37076799E-01
  0.40771262E-01
  0.54312260E-01
  0.55866857E-01
  0.61182819E-01
  0.58958064E-01
  0.52301228E-03
  0.67079750E-03
  0.59613675E-03
  0.74136681E-03
  0.10224310E-02
  0.13051901E-02
  0.15106504E-02
  0.16734915E-02
  0.18186680E-02
  0.19777054E-02
  0.22767390E-02
  0.27197789E-02
  0.31004445E-02
  0.45759409E-02
  0.60405057E-02
  0.51699208E-02
  0.46305348E-02
  0.46581581E-03
  0.91717624E-03
  0.10334358E-02
  0.18141810E-02
  0.24327747E-02
  0.29310600E-02
  0.34240129E-02
  0.39737669E-02
  0.47289204E-02
  0.54095696E-02
  0.63049598E-02
  0.13577284E-01
  0.25202487E-01
  0.46834507E-01
  0.51779164E-01
  0.42971206E-01
  0.37948502E-01
  0.54608892E-03
  0.84626134E-03
  0.80762220E-03
  0.89563952E-03
  0.11456143E-02
  0.13717424E-02
  0.15369899E-02
  0.16969951E-02
  0.18742834E-02
  0.21163464E-02
  0.25835929E-02
  0.32400479E-02
  0.38054706E-02
  0.54247203E-02
  0.66437192E-02
  0.59504424E-02
  0.57528508E-02
  0.14702850E-02
  0.90502903E-03
  0.12977976E-02
  0.15796755E-02
  0.23034044E-02
  0.27881678E-02
  0.31926742E-02
  0.35229429E-02
  0.38711708E-02
  0.42754524E-02
  0.50584384E-02
  0.65993640E-02
  0.69665790E-02
  0.15313217E-01
  0.31522601E-01
  0.35976309E-01
  0.21299643E-01
  0.87961584E-03
  0.11470765E-02
  0.10826763E-02
  0.10836151E-02
  0.12928275E-02
  0.14669362E-02
  0.15830932E-02
  0.17374132E-02
  0.19510390E-02
  0.22946876E-02
  0.29575791E-02
  0.38423016E-02
  0.45947096E-02
  0.64123840E-02
  0.84268347E-02
  0.75102629E-02
  0.66188753E-02
  0.31175159E-02
  0.26643663E-02
  0.30085783E-02
  0.25814632E-02
  0.25250966E-02
  0.29595738E-02
  0.32352165E-02
  0.34328006E-02
  0.35989011E-02
  0.37213319E-02
  0.40152452E-02
  0.46279999E-02
  0.47898958E-02
  0.62908113E-02
  0.10037093E-01
  0.14169247E-01
  0.74473878E-02
  0.13005214E-02
  0.15344211E-02
  0.14004807E-02
  0.13210818E-02
  0.14827481E-02
  0.16089663E-02
  0.16699376E-02
  0.18245579E-02
  0.21007934E-02
  0.26077146E-02
  0.35578689E-02
  0.47340606E-02
  0.55677140E-02
  0.82267848E-02
  0.11425328E-01
  0.10229697E-01
  0.11543637E-01
  0.44765288E-02
  0.45016020E-02
  0.51332351E-02
  0.42827851E-02
  0.31673424E-02
  0.34289777E-02
  0.34468336E-02
  0.34743958E-02
  0.35017234E-02
  0.34566005E-02
  0.34584103E-02
  0.35952582E-02
  0.34201282E-02
  0.47935575E-02
  0.56927223E-02
  0.48815159E-02
  0.45938901E-02
  0.17475591E-02
  0.19733148E-02
  0.17468376E-02
  0.16018798E-02
  0.17119134E-02
  0.18072240E-02
  0.18410365E-02
  0.20530903E-02
  0.24819652E-02
  0.32075509E-02
  0.44932431E-02
  0.60542495E-02
  0.69470678E-02
  0.12321832E-01
  0.19923798E-01
  0.16849726E-01
  0.23698644E-01
  0.59477283E-02
  0.97719494E-02
  0.82816695E-02
  0.58539376E-02
  0.41957441E-02
  0.41887759E-02
  0.38235106E-02
  0.36116889E-02
  0.34930029E-02
  0.33181196E-02
  0.31251428E-02
  0.29048784E-02
  0.25338415E-02
  0.29824012E-02
  0.36564736E-02
  0.32914661E-02
  0.34618335E-02
  0.22120136E-02
  0.24438833E-02
  0.21266311E-02
  0.19312075E-02
  0.20067560E-02
  0.21295539E-02
  0.21678698E-02
  0.25330524E-02
  0.31973082E-02
  0.41623475E-02
  0.57991007E-02
  0.81934461E-02
  0.11759721E-01
  0.23100845E-01
  0.37917191E-01
  0.35518843E-01
  0.28984591E-01
  0.16275591E-01
  0.34770633E-01
  0.21329405E-01
  0.98751929E-02
  0.58451257E-02
  0.56332840E-02
  0.45669598E-02
  0.39498194E-02
  0.36142372E-02
  0.33056222E-02
  0.29927402E-02
  0.25776029E-02
  0.21326302E-02
  0.16227644E-02
  0.16748678E-02
  0.14051177E-02
  0.18918223E-02
  0.27024307E-02
  0.29336820E-02
  0.25644325E-02
  0.24507046E-02
  0.24233548E-02
  0.26303915E-02
  0.27484088E-02
  0.33261335E-02
  0.42721519E-02
  0.52329879E-02
  0.85239053E-02
  0.16130361E-01
  0.24051182E-01
  0.39784359E-01
  0.51765842E-01
  0.45023233E-01
  0.32799627E-01
  0.33833709E-01
  0.40743647E-01
  0.47888794E-01
  0.38938629E-01
  0.14911474E-01
  0.88793023E-02
  0.54620804E-02
  0.47943853E-02
  0.41284014E-02
  0.35564312E-02
  0.31177257E-02
  0.26200556E-02
  0.21563302E-02
  0.15380902E-02
  0.93508321E-03
  0.70816919E-03
  0.59061919E-03
  0.33664153E-02
  0.37250181E-02
  0.32732731E-02
  0.32842812E-02
  0.34595276E-02
  0.32450337E-02
  0.30883049E-02
  0.39051248E-02
  0.58131709E-02
  0.75618084E-02
  0.16053147E-01
  0.29156245E-01
  0.36297604E-01
  0.48645033E-01
  0.52359869E-01
  0.55986060E-01
  0.54737557E-01
  0.58712584E-01
  0.54248745E-01
  0.53261597E-01
  0.38114672E-01
  0.26045167E-01
  0.11705724E-01
  0.60992981E-02
  0.53694106E-02
  0.43261465E-02
  0.36372395E-02
  0.30750930E-02
  0.25072761E-02
  0.22817778E-02
  0.14667837E-02
  0.15488355E-02
  0.91130706E-03
  0.38970593E-02
  0.57432111E-02
  0.50741739E-02
  0.53392879E-02
  0.56389411E-02
  0.52301820E-02
  0.48222593E-02
  0.36236364E-02
  0.56854895E-02
  0.13966444E-01
  0.23443915E-01
  0.30893570E-01
  0.27969046E-01
  0.30312897E-01
  0.35155960E-01
  0.36606684E-01
  0.33894110E-01
  0.38869383E-01
  0.26059771E-01
  0.11705513E-01
  0.79368120E-02
  0.56179300E-02
  0.50040244E-02
  0.43225210E-02
  0.31404452E-02
  0.33557157E-02
  0.23388470E-02
  0.26987384E-02
  0.18135748E-02
  0.69205285E-02
  0.11217180E-01
  0.10520844E-01
  0.10646776E-01
  0.11592623E-01
  0.90226192E-02
  0.63640266E-02
  0.26161498E-02
  0.61772514E-02
  0.10108478E-01
  0.90785149E-02
  0.96997332E-02
  0.12407853E-01
  0.13787899E-01
  0.14227276E-01
  0.14115917E-01
  0.88960890E-02
  0.67874910E-02
  0.87772054E-02
  0.97890465E-02
  0.71855228E-02
  0.74105291E-02
  0.38047319E-02
  0.42259772E-02
  0.30287125E-02
  0.13167029E-01
  0.21165509E-01
  0.20172015E-01
  0.17670085E-01
  0.18932444E-01
  0.12311685E-01
  0.64850220E-02
  0.26360323E-02
  0.35649557E-02
  0.46167194E-02
  0.49000929E-02
  0.41931284E-02
  0.18195433E-02
  0.32126212E-02
  0.10472905E-01
  0.18500927E-01
  0.19261401E-01
  0.22660652E-01
  0.10644607E-01
  0.12834477E-01
  0.41220545E-02
  0.22727129E-01
  0.27951256E-01
  0.28389118E-01
  0.22458548E-01
  0.15914376E-01
  0.76900582E-02
  0.91545398E-02
  0.11120649E-01
  0.10934961E-01
  0.79660543E-02
  0.48391341E-02
  0.10307246E-01
  0.22117967E-01
  0.33723507E-01
  0.23476783E-01
  0.28854180E-01
  0.10460266E-01
  0.28394315E-01
  0.32424820E-01
  0.26490035E-01
  0.16369518E-01
  0.13488939E-01
  0.12700770E-01
  0.10530462E-01
  0.81286906E-02
  0.90986484E-02
  0.18877512E-01
  0.26954112E-01
  0.31500871E-01
  0.18172391E-01
  0.30824427E-01
  0.16155467E-01
  0.77160392E-02
  0.53604544E-02
  0.43149804E-02
  0.62034356E-02
  0.10501810E-01
  0.20388812E-01
  0.31764681E-01
  0.56357700E-02
  0.31814926E-02
  0.28410788E-02
  0.30258163E-02
  0.41090932E-02
  0.69177896E-02
  0.12927678E-01
  0.18199981E-02
  0.19612644E-02
  0.23850030E-02
  0.27426954E-02
  0.31170088E-02
  0.37602154E-02
  0.48133620E-02
  0.92325226E-03
  0.15484938E-02
  0.20372586E-02
  0.24267649E-02
  0.27712556E-02
  0.29989974E-02
  0.31516507E-02
  0.71273620E-03
  0.13003029E-02
  0.17751149E-02
  0.21706810E-02
  0.24992734E-02
  0.27270169E-02
  0.28556909E-02
  0.66379979E-03
  0.11783853E-02
  0.16310967E-02
  0.20124387E-02
  0.23348542E-02
  0.25915875E-02
  0.28065361E-02
  0.69101719E-03
  0.11534439E-02
  0.16161312E-02
  0.20015660E-02
  0.23040233E-02
  0.25438670E-02
  0.27882492E-02
  0.68674020E-03
  0.11045467E-02
  0.15397411E-02
  0.19204673E-02
  0.22356397E-02
  0.25106438E-02
  0.28072877E-02
  0.66499250E-03
  0.10568913E-02
  0.14596092E-02
  0.18304828E-02
  0.21646140E-02
  0.24762545E-02
  0.27990947E-02
  0.64346900E-03
  0.10206069E-02
  0.13957937E-02
  0.17544581E-02
  0.21039555E-02
  0.24494634E-02
  0.27924557E-02
  0.62944382E-03
  0.10019604E-02
  0.13666631E-02
  0.17288886E-02
  0.20848051E-02
  0.24382202E-02
  0.28037251E-02
  0.62723029E-03
  0.10113763E-02
  0.13678683E-02
  0.17175183E-02
  0.20747828E-02
  0.24434397E-02
  0.29425848E-02
  0.59250749E-03
  0.10708650E-02
  0.14159599E-02
  0.17260040E-02
  0.20463656E-02
  0.23927206E-02
  0.28476919E-02
  0.71588188E-03
  0.10568278E-02
  0.14519589E-02
  0.18670129E-02
  0.22626480E-02
  0.25012015E-02
  0.24285441E-02
  0.92584227E-03
  0.11084942E-02
  0.14884246E-02
  0.19623405E-02
  0.24706484E-02
  0.26893506E-02
  0.22304975E-02
  0.23309572E-01
  0.57586801E-02
  0.29910001E-02
  0.48074290E-02
  0.48662780E-02
  0.42855567E-02
  0.36442048E-02
  0.30792986E-02
  0.28929508E-02
  0.31968802E-02
  0.37850887E-02
  0.45169303E-02
  0.49753187E-02
  0.46674243E-02
  0.33329908E-02
  0.68337975E-02
  0.29255764E-01
  0.64160732E-02
  0.22760767E-01
  0.81505504E-02
  0.49682590E-02
  0.28042319E-02
  0.47300918E-02
  0.47310383E-02
  0.42058098E-02
  0.35053242E-02
  0.28056128E-02
  0.25565835E-02
  0.29653554E-02
  0.36615272E-02
  0.44099248E-02
  0.49006944E-02
  0.46299331E-02
  0.29375644E-02
  0.55432362E-02
  0.91230201E-02
  0.20439030E-01
  0.69282268E-02
  0.45819193E-02
  0.90547093E-02
  0.62954514E-02
  0.14458190E-01
  0.50043956E-02
  0.30854694E-02
  0.35971883E-02
  0.49552801E-02
  0.48832452E-02
  0.42602465E-02
  0.34804879E-02
  0.22213629E-02
  0.15996221E-02
  0.26694078E-02
  0.36245457E-02
  0.44799464E-02
  0.51143241E-02
  0.49216281E-02
  0.28530131E-02
  0.35187812E-02
  0.53126510E-02
  0.12815351E-01
  0.70589563E-02
  0.43628526E-02
  0.38689236E-02
  0.33320211E-02
  0.49953489E-02
  0.36581088E-02
  0.52257817E-02
  0.35400944E-02
  0.32004836E-02
  0.21041240E-02
  0.26837820E-02
  0.55763962E-02
  0.56168352E-02
  0.56519548E-02
  0.47595652E-02
  0.38256985E-02
  0.23396854E-02
  0.18609652E-02
  0.27621489E-02
  0.40088584E-02
  0.50171283E-02
  0.56826008E-02
  0.58297311E-02
  0.50709059E-02
  0.16090020E-02
  0.24091033E-02
  0.32179458E-02
  0.33472503E-02
  0.32761865E-02
  0.33223617E-02
  0.28815758E-02
  0.26892001E-02
  0.27840415E-02
  0.34106972E-02
  0.28130848E-02
  0.32746268E-02
  0.24133690E-02
  0.19891696E-02
  0.13814528E-02
  0.22558946E-02
  0.54923857E-02
  0.10086906E-01
  0.11836563E-01
  0.12647646E-01
  0.71025054E-02
  0.61833380E-02
  0.51210979E-02
  0.36107438E-02
  0.24470691E-02
  0.48136411E-02
  0.54133175E-02
  0.65176221E-02
  0.93505944E-02
  0.12389500E-01
  0.11090599E-01
  0.79636352E-02
  0.44464156E-02
  0.22179894E-02
  0.18032145E-02
  0.19191067E-02
  0.19533543E-02
  0.20651300E-02
  0.21640445E-02
  0.18886389E-02
  0.17722182E-02
  0.22844819E-02
  0.29264067E-02
  0.23553830E-02
  0.28412206E-02
  0.17715901E-02
  0.15423986E-02
  0.10447816E-02
  0.14141985E-02
  0.35394317E-02
  0.61138467E-02
  0.12499920E-01
  0.21668220E-01
  0.17483407E-01
  0.18586970E-01
  0.12784380E-01
  0.98285312E-02
  0.44005261E-02
  0.67957524E-02
  0.13601960E-01
  0.14733749E-01
  0.17443816E-01
  0.20766736E-01
  0.17626627E-01
  0.85943535E-02
  0.45903912E-02
  0.28095220E-02
  0.17184728E-02
  0.14464671E-02
  0.14143013E-02
  0.13415491E-02
  0.13823349E-02
  0.13870058E-02
  0.11292613E-02
  0.11457496E-02
  0.18615384E-02
  0.23513048E-02
  0.19297606E-02
  0.23078245E-02
  0.13811954E-02
  0.12493014E-02
  0.91331012E-03
  0.10181815E-02
  0.22443395E-02
  0.42055994E-02
  0.74417086E-02
  0.13002750E-01
  0.15748262E-01
  0.24131236E-01
  0.24849751E-01
  0.24111973E-01
  0.62652469E-02
  0.17802490E-01
  0.30351365E-01
  0.24238287E-01
  0.18389688E-01
  0.14089709E-01
  0.82484015E-02
  0.44426383E-02
  0.29925761E-02
  0.21125320E-02
  0.15758894E-02
  0.13597337E-02
  0.12505848E-02
  0.11053611E-02
  0.93103892E-03
  0.10142286E-02
  0.88358413E-03
  0.13528010E-02
  0.14834896E-02
  0.18174026E-02
  0.15620546E-02
  0.18131011E-02
  0.11151898E-02
  0.10386112E-02
  0.80052337E-03
  0.86478985E-03
  0.17212565E-02
  0.30714641E-02
  0.49995715E-02
  0.77420686E-02
  0.96688837E-02
  0.16178896E-01
  0.20166630E-01
  0.25224463E-01
  0.85415680E-02
  0.20831961E-01
  0.27216735E-01
  0.15976779E-01
  0.84713270E-02
  0.67303275E-02
  0.51310658E-02
  0.33299515E-02
  0.23793632E-02
  0.18784876E-02
  0.15861399E-02
  0.14225761E-02
  0.12859097E-02
  0.11591807E-02
  0.12830792E-02
  0.19872283E-02
  0.20827875E-02
  0.28159771E-02
  0.11395553E-02
  0.13144875E-02
  0.12358156E-02
  0.13504053E-02
  0.89606761E-03
  0.86200017E-03
  0.70575565E-03
  0.78984423E-03
  0.14298096E-02
  0.24003025E-02
  0.39060976E-02
  0.58838893E-02
  0.70133820E-02
  0.98138008E-02
  0.12395356E-01
  0.16992130E-01
  0.64545205E-02
  0.11101797E-01
  0.13180564E-01
  0.83312239E-02
  0.55128517E-02
  0.46770454E-02
  0.35839205E-02
  0.25128878E-02
  0.20275178E-02
  0.18073761E-02
  0.16683110E-02
  0.16236773E-02
  0.16591138E-02
  0.17966306E-02
  0.27830718E-02
  0.41042859E-02
  0.38791959E-02
  0.45707060E-02
  0.86957670E-03
  0.86511947E-03
  0.95854273E-03
  0.91680768E-03
  0.72979702E-03
  0.72141492E-03
  0.65556478E-03
  0.75384610E-03
  0.12153278E-02
  0.19636836E-02
  0.32091763E-02
  0.47535637E-02
  0.57358262E-02
  0.74013269E-02
  0.91440517E-02
  0.11323827E-01
  0.50803978E-02
  0.65373225E-02
  0.71882204E-02
  0.55438061E-02
  0.37965094E-02
  0.30613684E-02
  0.24938991E-02
  0.19516689E-02
  0.17934330E-02
  0.17688790E-02
  0.17841849E-02
  0.19669197E-02
  0.23549849E-02
  0.28800323E-02
  0.45271283E-02
  0.63032897E-02
  0.56182042E-02
  0.55721647E-02
  0.81510415E-03
  0.65488036E-03
  0.80581264E-03
  0.60751605E-03
  0.61697079E-03
  0.62315174E-03
  0.64237737E-03
  0.75967676E-03
  0.10935571E-02
  0.16459909E-02
  0.26250264E-02
  0.37494050E-02
  0.46104318E-02
  0.61375325E-02
  0.76211860E-02
  0.77483039E-02
  0.55576564E-02
  0.48392461E-02
  0.51579197E-02
  0.36181191E-02
  0.23061125E-02
  0.18041829E-02
  0.16762333E-02
  0.15662136E-02
  0.16178127E-02
  0.17338700E-02
  0.19220999E-02
  0.24230870E-02
  0.32369903E-02
  0.41485130E-02
  0.60004122E-02
  0.84638965E-02
  0.91287956E-02
  0.96012720E-02
  0.95351150E-03
  0.84014684E-03
  0.92128081E-03
  0.60384257E-03
  0.57508983E-03
  0.59406924E-03
  0.66127274E-03
  0.77720334E-03
  0.10164915E-02
  0.13983033E-02
  0.21281155E-02
  0.29877125E-02
  0.36006181E-02
  0.51236037E-02
  0.61258077E-02
  0.55631535E-02
  0.49310197E-02
  0.28145246E-02
  0.27619342E-02
  0.17806796E-02
  0.12014745E-02
  0.11283525E-02
  0.12772115E-02
  0.13680231E-02
  0.14974033E-02
  0.17118060E-02
  0.21359742E-02
  0.31147590E-02
  0.45263994E-02
  0.57179322E-02
  0.10163966E-01
  0.17716498E-01
  0.17111260E-01
  0.16487144E-01
  0.14824358E-02
  0.15416422E-02
  0.11230691E-02
  0.84192310E-03
  0.62734877E-03
  0.63128600E-03
  0.68795689E-03
  0.77853427E-03
  0.93511808E-03
  0.11722542E-02
  0.16766093E-02
  0.23326015E-02
  0.28283006E-02
  0.41727298E-02
  0.50418398E-02
  0.45668412E-02
  0.43409530E-02
  0.12799721E-02
  0.12308950E-02
  0.11131030E-02
  0.10765029E-02
  0.11735209E-02
  0.12801734E-02
  0.13309247E-02
  0.14645122E-02
  0.18292760E-02
  0.26319062E-02
  0.44187716E-02
  0.66119138E-02
  0.10963537E-01
  0.22007716E-01
  0.31392185E-01
  0.31717398E-01
  0.19485209E-01
  0.24035224E-03
  0.59541079E-03
  0.63818112E-03
  0.63201275E-03
  0.65958010E-03
  0.73035148E-03
  0.83737759E-03
  0.95836200E-03
  0.12505224E-02
  0.16979416E-02
  0.20777900E-02
  0.31433824E-02
  0.38991414E-02
  0.35849583E-02
  0.35584889E-02
  0.12027184E-02
  0.13986692E-02
  0.15754153E-02
  0.15006408E-02
  0.15532279E-02
  0.15104550E-02
  0.14425444E-02
  0.16425934E-02
  0.22547697E-02
  0.38374699E-02
  0.80638769E-02
  0.14954368E-01
  0.15668049E-01
  0.15856858E-01
  0.12050929E-01
  0.99688325E-03
  0.10656010E-02
  0.78831493E-03
  0.60584504E-03
  0.70424089E-03
  0.79025481E-03
  0.90279917E-03
  0.11166745E-02
  0.13735470E-02
  0.21261208E-02
  0.27728150E-02
  0.25961274E-02
  0.27242627E-02
  0.18584118E-02
  0.21245667E-02
  0.23960069E-02
  0.23090451E-02
  0.23809993E-02
  0.21405741E-02
  0.19309901E-02
  0.21482364E-02
  0.30903326E-02
  0.50009304E-02
  0.64702547E-02
  0.73506671E-02
  0.78111367E-02
  0.23323130E-02
  0.15079762E-02
  0.99300826E-03
  0.74922566E-03
  0.77081372E-03
  0.77560020E-03
  0.81123167E-03
  0.11705111E-02
  0.17347408E-02
  0.16679733E-02
  0.19241546E-02
  0.28826297E-02
  0.32263705E-02
  0.35275397E-02
  0.36350477E-02
  0.44551844E-02
  0.41068119E-02
  0.26925343E-02
  0.14171679E-02
  0.19851305E-02
  0.23356219E-02
  0.22727389E-02
  0.43106988E-02
  0.21062277E-02
  0.10755571E-02
  0.82986304E-03
  0.92074282E-03
  0.64549518E-03
  0.91671201E-03
  0.87340059E-03
  0.12367347E-02
  0.43978806E-02
  0.87877474E-02
  0.94435162E-02
  0.10370127E-01
  0.59008096E-02
  0.31811646E-02
  0.29515528E-02
  0.38000620E-02
  0.39652562E-02
  0.64151825E-02
  0.31474754E-02
  0.10727521E-02
  0.13343031E-02
  0.11312017E-02
  0.67125526E-03
  0.92230725E-03
  0.11808514E-01
  0.23845968E-01
  0.14444743E-01
  0.59696794E-02
  0.32195708E-02
  0.41102729E-02
  0.43231522E-02
  0.93625237E-02
  0.46777493E-02
  0.10324774E-02
  0.19039645E-02
  0.18982943E-02
  0.19545148E-01
  0.74981466E-02
  0.25558384E-02
  0.30992758E-02
  0.34030617E-02
  0.13273737E-01
  0.64095500E-02
  0.20146967E-02
  0.68999176E-02
  0.29153288E-02
  0.20666020E-02
  0.16951005E-02
  0.17649794E-02
  0.15921668E-01
  0.78477359E-02
  0.24711170E-02
  0.81595210E-02
  0.18872728E-02
  0.14688048E-02
  0.12550007E-02
  0.11762430E-02
  0.16803216E-01
  0.83242772E-02
  0.25235675E-02
  0.88992499E-02
  0.12251172E-02
  0.10427535E-02
  0.99546532E-03
  0.97674766E-03
  0.17234566E-01
  0.85320135E-02
  0.25848135E-02
  0.93137377E-02
  0.80558781E-03
  0.77722735E-03
  0.80608641E-03
  0.81634795E-03
  0.17287273E-01
  0.84933563E-02
  0.26627697E-02
  0.94923727E-02
  0.58924929E-03
  0.64449986E-03
  0.70114790E-03
  0.72215427E-03
  0.16930488E-01
  0.82383719E-02
  0.26900454E-02
  0.94239384E-02
  0.53084249E-03
  0.62093987E-03
  0.68284685E-03
  0.70435685E-03
  0.16115831E-01
  0.77206323E-02
  0.26499496E-02
  0.90858556E-02
  0.61319612E-03
  0.70257179E-03
  0.75179018E-03
  0.76627210E-03
  0.14946198E-01
  0.69731676E-02
  0.25997143E-02
  0.85415970E-02
  0.89290185E-03
  0.91900953E-03
  0.91975913E-03
  0.90661842E-03
  0.13420078E-01
  0.59908151E-02
  0.25468446E-02
  0.78094914E-02
  0.15109220E-02
  0.13301153E-02
  0.12022959E-02
  0.11076399E-02
  0.11360539E-01
  0.49590451E-02
  0.22692740E-02
  0.68020894E-02
  0.26258344E-02
  0.20455074E-02
  0.15583070E-02
  0.14186759E-02
  0.87136580E-02
  0.35657086E-02
  0.14723085E-02
  0.43300070E-02
  0.59530634E-02
  0.32282039E-02
  0.31340521E-02
  0.35714389E-02
  0.63506256E-02
  0.22320650E-02
  0.99823906E-03
  0.18599293E-02
  0.19304046E-02
  0.40654665E-01
  0.13986398E-01
  0.51550275E-02
  0.53260890E-02
  0.36138148E-02
  0.40504129E-02
  0.15929650E-02
  0.81584076E-03
  0.96886229E-03
  0.10520892E-02
  0.65574925E-03
  0.46133192E-03
  0.14912058E-01
  0.32102887E-01
  0.22485361E-01
  0.90906348E-02
  0.36938697E-02
  0.57439679E-02
  0.66499084E-02
  0.19471631E-02
  0.10542987E-02
  0.79408405E-03
  0.79943036E-03
  0.75534181E-03
  0.53361681E-03
  0.35644522E-03
  0.40777362E-03
  0.79019960E-03
  0.69844059E-02
  0.20216860E-01
  0.16950502E-01
  0.29589734E-01
  0.13861784E-01
  0.50648638E-02
  0.21172227E-02
  0.37920112E-02
  0.61597116E-02
  0.75547535E-03
  0.69189120E-03
  0.52531880E-03
  0.74342268E-03
  0.86539549E-03
  0.82386430E-03
  0.64065554E-03
  0.77534469E-03
  0.12055723E-02
  0.12264475E-02
  0.15643767E-02
  0.38372895E-02
  0.61056823E-02
  0.54707230E-02
  0.11513408E-01
  0.79298715E-02
  0.92890134E-02
  0.37498292E-02
  0.15289841E-02
  0.49683973E-02
  0.44896581E-02
  0.39372719E-02
  0.41875285E-03
  0.35488632E-03
  0.42235554E-03
  0.66761148E-03
  0.84553610E-03
  0.91145908E-03
  0.91735819E-03
  0.91622627E-03
  0.95601546E-03
  0.15342693E-02
  0.22025562E-02
  0.20117852E-02
  0.23274427E-02
  0.24322241E-02
  0.29535471E-02
  0.30646520E-02
  0.36404924E-02
  0.34656730E-02
  0.33354097E-02
  0.25946481E-02
  0.24582919E-02
  0.85633454E-02
  0.17347775E-01
  0.15600739E-01
  0.16368839E-01
  0.18928701E-01
  0.14469585E-02
  0.10068729E-02
  0.64346780E-03
  0.67989577E-03
  0.72895673E-03
  0.82754128E-03
  0.89756027E-03
  0.92581733E-03
  0.10066634E-02
  0.11927872E-02
  0.14309089E-02
  0.22828507E-02
  0.31683152E-02
  0.27810625E-02
  0.30828761E-02
  0.15519772E-02
  0.22692011E-02
  0.20246098E-02
  0.25233959E-02
  0.20078816E-02
  0.20127272E-02
  0.18219850E-02
  0.21489488E-02
  0.39383612E-02
  0.74052078E-02
  0.19934087E-01
  0.37042185E-01
  0.33440233E-01
  0.40309819E-01
  0.44280142E-01
  0.11016670E-02
  0.13648291E-02
  0.76599274E-03
  0.46483298E-03
  0.47306240E-03
  0.62151216E-03
  0.72089257E-03
  0.80203233E-03
  0.86613542E-03
  0.94281218E-03
  0.11569531E-02
  0.15285780E-02
  0.19282141E-02
  0.30204508E-02
  0.41207787E-02
  0.35425003E-02
  0.38332795E-02
  0.81225227E-03
  0.13523703E-02
  0.12839625E-02
  0.18099686E-02
  0.14821523E-02
  0.16469647E-02
  0.16504444E-02
  0.17876468E-02
  0.24341935E-02
  0.37683012E-02
  0.71678294E-02
  0.16125362E-01
  0.26202669E-01
  0.42621945E-01
  0.46018617E-01
  0.57299864E-01
  0.54828666E-01
  0.44281324E-03
  0.28821674E-03
  0.26298846E-03
  0.34637125E-03
  0.50771352E-03
  0.63263642E-03
  0.70407814E-03
  0.76567147E-03
  0.83622157E-03
  0.97299418E-03
  0.13331881E-02
  0.18841466E-02
  0.24318678E-02
  0.37514724E-02
  0.50647799E-02
  0.42983345E-02
  0.45791759E-02
  0.15210278E-03
  0.42453339E-03
  0.62157531E-03
  0.11095054E-02
  0.12514428E-02
  0.14653450E-02
  0.15743577E-02
  0.17221804E-02
  0.20777618E-02
  0.26648958E-02
  0.39810561E-02
  0.63273515E-02
  0.93697369E-02
  0.20700822E-01
  0.31282099E-01
  0.36884732E-01
  0.21401728E-01
  0.35965935E-03
  0.39475823E-03
  0.51076267E-03
  0.52493161E-03
  0.66361499E-03
  0.72489815E-03
  0.72794816E-03
  0.75515912E-03
  0.81776685E-03
  0.10112612E-02
  0.15248633E-02
  0.22497938E-02
  0.29371986E-02
  0.44764386E-02
  0.60006054E-02
  0.50491846E-02
  0.53191042E-02
  0.14980696E-02
  0.61155277E-03
  0.55770723E-03
  0.75781795E-03
  0.11353302E-02
  0.13952012E-02
  0.15856256E-02
  0.17243844E-02
  0.19037054E-02
  0.21869475E-02
  0.30024779E-02
  0.44598773E-02
  0.54279789E-02
  0.75239247E-02
  0.12665645E-01
  0.20029284E-01
  0.96783949E-02
  0.64860136E-03
  0.83904253E-03
  0.83380698E-03
  0.77988602E-03
  0.85444879E-03
  0.86560514E-03
  0.78889359E-03
  0.76954202E-03
  0.80892685E-03
  0.10551518E-02
  0.17267607E-02
  0.26204041E-02
  0.34420900E-02
  0.51883769E-02
  0.69077711E-02
  0.58389428E-02
  0.54514428E-02
  0.30959173E-02
  0.24034830E-02
  0.22422609E-02
  0.17224684E-02
  0.12789800E-02
  0.15061035E-02
  0.16566803E-02
  0.17579769E-02
  0.18557536E-02
  0.19450621E-02
  0.22922749E-02
  0.30071114E-02
  0.35314543E-02
  0.53812160E-02
  0.72776317E-02
  0.80536088E-02
  0.55019270E-02
  0.10308564E-02
  0.12831294E-02
  0.11688187E-02
  0.10521962E-02
  0.10596334E-02
  0.10304855E-02
  0.87307779E-03
  0.80124049E-03
  0.80666346E-03
  0.11035418E-02
  0.19387931E-02
  0.30030290E-02
  0.39659642E-02
  0.57683938E-02
  0.74277599E-02
  0.65521328E-02
  0.60660582E-02
  0.46334131E-02
  0.42038970E-02
  0.42146459E-02
  0.33183761E-02
  0.18797989E-02
  0.18681894E-02
  0.17997295E-02
  0.17921765E-02
  0.18116482E-02
  0.17838071E-02
  0.18405506E-02
  0.20799926E-02
  0.22518570E-02
  0.38488826E-02
  0.48416258E-02
  0.46873034E-02
  0.46994638E-02
  0.14153628E-02
  0.17153364E-02
  0.15035836E-02
  0.13247286E-02
  0.12827874E-02
  0.12068557E-02
  0.97170466E-03
  0.84529122E-03
  0.81300716E-03
  0.11748765E-02
  0.22057847E-02
  0.34800005E-02
  0.47082477E-02
  0.66192867E-02
  0.88520147E-02
  0.82646945E-02
  0.67467384E-02
  0.59174939E-02
  0.61959170E-02
  0.62311985E-02
  0.48918052E-02
  0.28357920E-02
  0.24571939E-02
  0.20208116E-02
  0.18287970E-02
  0.17690102E-02
  0.16714501E-02
  0.15721470E-02
  0.14539284E-02
  0.13043756E-02
  0.20787220E-02
  0.27602389E-02
  0.28835443E-02
  0.33563479E-02
  0.17972565E-02
  0.21413291E-02
  0.18377296E-02
  0.15979971E-02
  0.15237192E-02
  0.13912532E-02
  0.10862473E-02
  0.90931651E-03
  0.85018886E-03
  0.12940420E-02
  0.25358391E-02
  0.41827070E-02
  0.54985561E-02
  0.82515141E-02
  0.11162394E-01
  0.10053110E-01
  0.92785696E-02
  0.69208819E-02
  0.14777321E-01
  0.99308649E-02
  0.65010193E-02
  0.43061300E-02
  0.33460676E-02
  0.23532035E-02
  0.18750339E-02
  0.17289927E-02
  0.16066200E-02
  0.14842165E-02
  0.12721377E-02
  0.10146857E-02
  0.74639522E-03
  0.75287241E-03
  0.98819999E-03
  0.17741294E-02
  0.21791175E-02
  0.25629668E-02
  0.21754895E-02
  0.19107737E-02
  0.17831146E-02
  0.16025347E-02
  0.12094018E-02
  0.99679265E-03
  0.91597289E-03
  0.14871594E-02
  0.30844886E-02
  0.51738941E-02
  0.64639836E-02
  0.10384129E-01
  0.15447850E-01
  0.12776298E-01
  0.11849631E-01
  0.16447333E-01
  0.34840915E-01
  0.22717051E-01
  0.12880490E-01
  0.61687977E-02
  0.48959221E-02
  0.29440495E-02
  0.20172213E-02
  0.17254645E-02
  0.15856095E-02
  0.15233074E-02
  0.14101171E-02
  0.11489220E-02
  0.10246588E-02
  0.54656414E-03
  0.31404762E-03
  0.25731975E-03
  0.25644520E-02
  0.28077459E-02
  0.25234575E-02
  0.22856520E-02
  0.21312099E-02
  0.18590091E-02
  0.13683232E-02
  0.11512733E-02
  0.10388125E-02
  0.17349120E-02
  0.38739150E-02
  0.63193807E-02
  0.87433522E-02
  0.15028755E-01
  0.22586994E-01
  0.29938463E-01
  0.25999271E-01
  0.48507600E-01
  0.39116353E-01
  0.35469938E-01
  0.16080908E-01
  0.87079643E-02
  0.40850369E-02
  0.24201236E-02
  0.18725607E-02
  0.16461864E-02
  0.16541068E-02
  0.16933483E-02
  0.14218703E-02
  0.18048560E-02
  0.12434846E-02
  0.12731107E-02
  0.73484560E-03
  0.30210141E-02
  0.34808965E-02
  0.29527049E-02
  0.26932921E-02
  0.25553602E-02
  0.21992685E-02
  0.16658277E-02
  0.12745908E-02
  0.11094079E-02
  0.22867618E-02
  0.52839676E-02
  0.93652113E-02
  0.11125536E-01
  0.16444172E-01
  0.18991148E-01
  0.25736575E-01
  0.23740340E-01
  0.25031842E-01
  0.11158369E-01
  0.35167703E-02
  0.21120324E-02
  0.18071347E-02
  0.19136678E-02
  0.21626276E-02
  0.20631617E-02
  0.26177640E-02
  0.19834727E-02
  0.22160908E-02
  0.14959732E-02
  0.35892252E-02
  0.46806785E-02
  0.35924763E-02
  0.34405122E-02
  0.34748261E-02
  0.28513837E-02
  0.21644453E-02
  0.12883785E-02
  0.10226070E-02
  0.21747786E-02
  0.41791153E-02
  0.61468147E-02
  0.91229417E-02
  0.94677898E-02
  0.88699052E-02
  0.72136039E-02
  0.28850706E-02
  0.30053357E-02
  0.35988523E-02
  0.38545485E-02
  0.35084337E-02
  0.36058640E-02
  0.29249107E-02
  0.28814679E-02
  0.23410999E-02
  0.42527986E-02
  0.67749675E-02
  0.55523796E-02
  0.48356622E-02
  0.50236823E-02
  0.38220391E-02
  0.24209764E-02
  0.17056202E-02
  0.26207792E-02
  0.29065147E-02
  0.28989170E-02
  0.24073770E-02
  0.13530872E-02
  0.36198976E-02
  0.73779505E-02
  0.13033950E-01
  0.82855660E-02
  0.11243581E-01
  0.52118866E-02
  0.60194501E-02
  0.35268688E-02
  0.63730291E-02
  0.11145968E-01
  0.96988817E-02
  0.89800401E-02
  0.48501358E-02
  0.30022849E-02
  0.38397844E-02
  0.42983981E-02
  0.40435168E-02
  0.30121621E-02
  0.33540830E-02
  0.73686094E-02
  0.16837713E-01
  0.29326662E-01
  0.15745898E-01
  0.18323633E-01
  0.65637174E-02
  0.10472676E-01
  0.19637006E-01
  0.10345203E-01
  0.47891840E-02
  0.39069997E-02
  0.39799449E-02
  0.32976345E-02
  0.27039035E-02
  0.49221221E-02
  0.11585138E-01
  0.24565345E-01
  0.29654740E-01
  0.13611485E-01
  0.10722611E-01
  0.39129383E-02
  0.28241290E-02
  0.24857089E-02
  0.21985334E-02
  0.29707991E-02
  0.51395446E-02
  0.12877092E-01
  0.31942379E-01
  0.20178117E-02
  0.17117884E-02
  0.16827311E-02
  0.20215406E-02
  0.27272302E-02
  0.40935335E-02
  0.68445497E-02
  0.14859583E-02
  0.10292788E-02
  0.13456387E-02
  0.17612209E-02
  0.22728553E-02
  0.29616125E-02
  0.35571059E-02
  0.13352106E-02
  0.61708330E-03
  0.10480450E-02
  0.14785087E-02
  0.18961072E-02
  0.22861223E-02
  0.26980757E-02
  0.11144082E-02
  0.38932739E-03
  0.84299595E-03
  0.12690933E-02
  0.16492811E-02
  0.19925461E-02
  0.23263416E-02
  0.86078310E-03
  0.33284711E-03
  0.85382041E-03
  0.12751072E-02
  0.15794243E-02
  0.18482633E-02
  0.21571587E-02
  0.70175233E-03
  0.36902417E-03
  0.90270391E-03
  0.13292016E-02
  0.16234876E-02
  0.18397116E-02
  0.20965937E-02
  0.66784064E-03
  0.37418640E-03
  0.90710680E-03
  0.13320265E-02
  0.16223872E-02
  0.18328799E-02
  0.20884934E-02
  0.74495753E-03
  0.34800273E-03
  0.86004621E-03
  0.12680442E-02
  0.15856446E-02
  0.18877707E-02
  0.21618318E-02
  0.82488864E-03
  0.52237323E-03
  0.97354751E-03
  0.13857055E-02
  0.17701703E-02
  0.21205324E-02
  0.24186903E-02
  0.10929387E-02
  0.91849101E-03
  0.12989594E-02
  0.17277030E-02
  0.21758999E-02
  0.26365189E-02
  0.30853417E-02
  0.19319026E-02
  0.17759710E-02
  0.19671118E-02
  0.22598170E-02
  0.30534809E-02
  0.40676091E-02
  0.51601035E-02
  0.44933060E-02
  0.40620304E-02
  0.41675150E-02
  0.34658303E-02
  0.45186356E-02
  0.69600883E-02
  0.14561711E-01
  0.24138750E-01
  0.17810155E-01
  0.12703248E-01
  0.89241034E-02
  0.72840576E-02
  0.15389687E-01
  0.37781651E-01
  0.49884055E-02
  0.70252322E-02
  0.15591448E-01
  0.27372530E-01
  0.42099552E-01
  0.18055105E-01
  0.24219393E-01
  0.23279556E-01
  0.19076356E-01
  0.10949910E-01
  0.12674258E-01
  0.20337931E-01
  0.40724800E-01
  0.19730748E-01
  0.77520851E-02
  0.43280701E-02
  0.33420643E-02
  0.36214073E-02
  0.65826891E-02
  0.42491373E-02
  0.74273388E-02
  0.12821313E-01
  0.22284741E-01
  0.25652322E-01
  0.98812758E-02
  0.49776424E-02
  0.77789649E-02
  0.79621021E-02
  0.41265511E-02
  0.54055295E-02
  0.11867025E-01
  0.22349863E-01
  0.14111906E-01
  0.59603351E-02
  0.33822983E-02
  0.29881688E-02
  0.28956571E-02
  0.21952441E-02
  0.31215650E-02
  0.45691454E-02
  0.32809144E-02
  0.41866347E-02
  0.32013865E-02
  0.40409366E-02
  0.52502475E-02
  0.97343959E-02
  0.96989052E-02
  0.10049423E-01
  0.11380373E-01
  0.13478010E-01
  0.11754743E-01
  0.11153327E-01
  0.14495368E-01
  0.13648212E-01
  0.13719493E-01
  0.93517163E-02
  0.37881932E-02
  0.26269288E-02
  0.21888165E-02
  0.22864705E-02
  0.21459985E-02
  0.20969134E-02
  0.16107174E-02
  0.26113900E-02
  0.37400482E-02
  0.27619843E-02
  0.33279195E-02
  0.23762246E-02
  0.20548341E-02
  0.17857424E-02
  0.21689323E-02
  0.32977362E-02
  0.52216241E-02
  0.18575199E-01
  0.40139182E-01
  0.37278763E-01
  0.41397289E-01
  0.39839775E-01
  0.35332770E-01
  0.43494134E-01
  0.37680562E-01
  0.13885197E-01
  0.60951443E-02
  0.40768821E-02
  0.24037505E-02
  0.18769027E-02
  0.17914504E-02
  0.16932495E-02
  0.16975119E-02
  0.15570121E-02
  0.14344661E-02
  0.11027424E-02
  0.22949914E-02
  0.31793993E-02
  0.24791604E-02
  0.30733843E-02
  0.20195154E-02
  0.17950555E-02
  0.13159359E-02
  0.10461004E-02
  0.12069899E-02
  0.19623718E-02
  0.37616712E-02
  0.10782087E-01
  0.31424625E-01
  0.55449084E-01
  0.58722957E-01
  0.68092751E-01
  0.66808471E-01
  0.65824762E-01
  0.59288504E-01
  0.47737447E-01
  0.22334691E-01
  0.70610722E-02
  0.32295257E-02
  0.24246841E-02
  0.20191282E-02
  0.18357012E-02
  0.17522477E-02
  0.16444291E-02
  0.14144643E-02
  0.12008592E-02
  0.11076722E-02
  0.97238507E-03
  0.10108139E-02
  0.20111052E-02
  0.28872057E-02
  0.22213759E-02
  0.27223616E-02
  0.17858306E-02
  0.16258142E-02
  0.12860353E-02
  0.10408419E-02
  0.10869409E-02
  0.16650755E-02
  0.29648440E-02
  0.50609691E-02
  0.64914751E-02
  0.17477834E-01
  0.34604599E-01
  0.43057547E-01
  0.45511144E-01
  0.56677801E-01
  0.55985380E-01
  0.24895101E-01
  0.58591645E-02
  0.43455769E-02
  0.32684513E-02
  0.23175120E-02
  0.20210468E-02
  0.19360549E-02
  0.18587671E-02
  0.17456119E-02
  0.15535209E-02
  0.12598693E-02
  0.99568380E-03
  0.12193888E-02
  0.12803876E-02
  0.18878766E-02
  0.17312829E-02
  0.25095066E-02
  0.19514003E-02
  0.24140607E-02
  0.16010491E-02
  0.14980258E-02
  0.12260399E-02
  0.10367273E-02
  0.10805477E-02
  0.14801932E-02
  0.25254426E-02
  0.41464507E-02
  0.52262889E-02
  0.66928984E-02
  0.10321235E-01
  0.16719255E-01
  0.10844650E-01
  0.11164564E-01
  0.85321063E-02
  0.57592915E-02
  0.34976008E-02
  0.27646659E-02
  0.23162144E-02
  0.19586787E-02
  0.19372993E-02
  0.19510765E-02
  0.18946654E-02
  0.17826902E-02
  0.16074642E-02
  0.13588760E-02
  0.16290973E-02
  0.25607927E-02
  0.25950784E-02
  0.33466277E-02
  0.14601135E-02
  0.21367948E-02
  0.16921562E-02
  0.20853571E-02
  0.14346497E-02
  0.13741198E-02
  0.11691459E-02
  0.10263027E-02
  0.10562703E-02
  0.13435452E-02
  0.22147650E-02
  0.35082137E-02
  0.44404224E-02
  0.59803556E-02
  0.74789308E-02
  0.71277526E-02
  0.56176634E-02
  0.49130140E-02
  0.51412643E-02
  0.36499864E-02
  0.22182540E-02
  0.17760865E-02
  0.17850624E-02
  0.17887679E-02
  0.18939725E-02
  0.19560245E-02
  0.19324069E-02
  0.18874054E-02
  0.18692375E-02
  0.18748635E-02
  0.29841501E-02
  0.44890919E-02
  0.42277906E-02
  0.50141901E-02
  0.11992745E-02
  0.17744378E-02
  0.14444678E-02
  0.17581956E-02
  0.12735764E-02
  0.12534544E-02
  0.11132866E-02
  0.10162966E-02
  0.10454149E-02
  0.12524611E-02
  0.19325920E-02
  0.29583524E-02
  0.36669399E-02
  0.52809603E-02
  0.65124347E-02
  0.59414866E-02
  0.51308561E-02
  0.31626578E-02
  0.31494360E-02
  0.20209380E-02
  0.12331979E-02
  0.12324773E-02
  0.15275601E-02
  0.17057547E-02
  0.18597014E-02
  0.19479900E-02
  0.19732231E-02
  0.20657054E-02
  0.23440025E-02
  0.27417295E-02
  0.45182516E-02
  0.64876630E-02
  0.57660810E-02
  0.60260149E-02
  0.96540906E-03
  0.14361112E-02
  0.12174122E-02
  0.14394398E-02
  0.11256778E-02
  0.11389790E-02
  0.10596588E-02
  0.10044534E-02
  0.10347947E-02
  0.11780598E-02
  0.16833555E-02
  0.25291800E-02
  0.30530433E-02
  0.46441776E-02
  0.56604442E-02
  0.50349880E-02
  0.46698888E-02
  0.16365020E-02
  0.14914891E-02
  0.97690168E-03
  0.95117198E-03
  0.11987252E-02
  0.15087892E-02
  0.16919376E-02
  0.18344469E-02
  0.19263892E-02
  0.20137516E-02
  0.23192326E-02
  0.30085019E-02
  0.39401399E-02
  0.59837937E-02
  0.90194841E-02
  0.98908256E-02
  0.12571888E-01
  0.79996097E-03
  0.11640222E-02
  0.10329218E-02
  0.11396112E-02
  0.99617270E-03
  0.10367894E-02
  0.10126670E-02
  0.99200140E-03
  0.10214243E-02
  0.11122493E-02
  0.14606356E-02
  0.21280410E-02
  0.25455626E-02
  0.39634688E-02
  0.49371377E-02
  0.44476498E-02
  0.41662752E-02
  0.10546019E-02
  0.11858144E-02
  0.10801209E-02
  0.12135695E-02
  0.14269268E-02
  0.16417441E-02
  0.17284522E-02
  0.18160932E-02
  0.19024235E-02
  0.21069139E-02
  0.28282600E-02
  0.42864012E-02
  0.56816165E-02
  0.11095330E-01
  0.22031279E-01
  0.27006990E-01
  0.31007317E-01
  0.84553939E-03
  0.10109502E-02
  0.91861847E-03
  0.87544738E-03
  0.86599945E-03
  0.93506415E-03
  0.96620889E-03
  0.97601944E-03
  0.10035928E-02
  0.10519753E-02
  0.12641527E-02
  0.17485759E-02
  0.20569173E-02
  0.32672716E-02
  0.41353800E-02
  0.37546995E-02
  0.35661925E-02
  0.14303431E-02
  0.17056113E-02
  0.16235902E-02
  0.16574056E-02
  0.17529154E-02
  0.18639152E-02
  0.18092084E-02
  0.18788926E-02
  0.20298979E-02
  0.24872363E-02
  0.40541802E-02
  0.66072883E-02
  0.12887331E-01
  0.31349747E-01
  0.49897638E-01
  0.45303307E-01
  0.34105006E-01
  0.36740971E-02
  0.16859780E-02
  0.11494618E-02
  0.68222501E-03
  0.68098415E-03
  0.73313161E-03
  0.84916457E-03
  0.92494559E-03
  0.96879755E-03
  0.99054002E-03
  0.10967050E-02
  0.14046036E-02
  0.16026273E-02
  0.25810440E-02
  0.33477893E-02
  0.30719423E-02
  0.29748816E-02
  0.20693255E-02
  0.24313085E-02
  0.23315821E-02
  0.23846708E-02
  0.23995176E-02
  0.23918186E-02
  0.23105569E-02
  0.22392890E-02
  0.25170569E-02
  0.33815577E-02
  0.78835119E-02
  0.19431963E-01
  0.33413378E-01
  0.49326967E-01
  0.53925821E-01
  0.56441364E-01
  0.53078725E-01
  0.22239109E-02
  0.61017996E-03
  0.57884776E-03
  0.54145886E-03
  0.53292998E-03
  0.70056833E-03
  0.86562705E-03
  0.91594538E-03
  0.95911195E-03
  0.11154463E-02
  0.12155512E-02
  0.19305165E-02
  0.25988538E-02
  0.24163976E-02
  0.23975475E-02
  0.28968670E-02
  0.32318434E-02
  0.33837391E-02
  0.36558404E-02
  0.41733659E-02
  0.41445846E-02
  0.40261736E-02
  0.33186741E-02
  0.28204495E-02
  0.62757053E-02
  0.19736863E-01
  0.32791884E-01
  0.28091544E-01
  0.28856708E-01
  0.30623943E-01
  0.24029877E-02
  0.75718976E-03
  0.77276513E-03
  0.69608677E-03
  0.73973097E-03
  0.85804306E-03
  0.90373010E-03
  0.94278936E-03
  0.95637593E-03
  0.13746193E-02
  0.19454908E-02
  0.18273672E-02
  0.18515664E-02
  0.41601253E-02
  0.64645587E-02
  0.66467836E-02
  0.76440968E-02
  0.10517413E-01
  0.10070376E-01
  0.82319888E-02
  0.51281309E-02
  0.38281402E-02
  0.10189031E-01
  0.10940564E-01
  0.98042584E-02
  0.93068865E-02
  0.23555619E-02
  0.98776421E-03
  0.96395506E-03
  0.12346026E-02
  0.12137105E-02
  0.11202471E-02
  0.99935507E-03
  0.10821636E-02
  0.15269566E-02
  0.14121928E-02
  0.13877271E-02
  0.94574104E-02
  0.18834381E-01
  0.21785600E-01
  0.20104931E-01
  0.24847489E-01
  0.20505727E-01
  0.99973235E-02
  0.37269652E-02
  0.75102282E-03
  0.30587572E-02
  0.51431933E-02
  0.40073555E-02
  0.13722581E-02
  0.12743494E-02
  0.15578702E-02
  0.16174370E-02
  0.13991406E-02
  0.15987589E-02
  0.13881787E-02
  0.11612888E-02
  0.29099108E-01
  0.31069450E-01
  0.34526124E-01
  0.31990779E-01
  0.23603970E-01
  0.92765783E-02
  0.36601999E-02
  0.36036017E-02
  0.51100304E-02
  0.62693864E-02
  0.20554288E-02
  0.15241653E-02
  0.22572529E-02
  0.25478811E-02
  0.19710910E-02
  0.15463539E-02
  0.32581602E-01
  0.36421071E-01
  0.33143565E-01
  0.16150119E-01
  0.58425281E-02
  0.44161667E-02
  0.43942373E-02
  0.10419808E-01
  0.30437594E-02
  0.26434099E-02
  0.46765995E-02
  0.39935024E-02
  0.37681038E-01
  0.17956082E-01
  0.61626953E-02
  0.38960336E-02
  0.47029460E-02
  0.17040889E-01
  0.43638668E-02
  0.73493475E-02
  0.23861911E-01
  0.73950421E-02
  0.43090905E-02
  0.26358433E-02
  0.22623507E-02
  0.23227606E-01
  0.55627854E-02
  0.10193151E-01
  0.27914346E-01
  0.33253106E-02
  0.26622552E-02
  0.20328077E-02
  0.18317202E-02
  0.25869953E-01
  0.61855256E-02
  0.11490654E-01
  0.30854932E-01
  0.19326361E-02
  0.17804902E-02
  0.16548653E-02
  0.15825880E-02
  0.27088225E-01
  0.66562275E-02
  0.11709307E-01
  0.31969271E-01
  0.13421910E-02
  0.13877704E-02
  0.13956110E-02
  0.13941829E-02
  0.27265857E-01
  0.68035730E-02
  0.11516181E-01
  0.31619319E-01
  0.10773765E-02
  0.11999598E-02
  0.12599415E-02
  0.12758669E-02
  0.26217117E-01
  0.66201657E-02
  0.10748644E-01
  0.29862520E-01
  0.10209606E-02
  0.11551274E-02
  0.12239269E-02
  0.12439525E-02
  0.24095354E-01
  0.61237160E-02
  0.95026875E-02
  0.26863612E-01
  0.11447005E-02
  0.12430255E-02
  0.12866356E-02
  0.12977093E-02
  0.20944878E-01
  0.52874042E-02
  0.78711827E-02
  0.22862934E-01
  0.15442932E-02
  0.15016807E-02
  0.14650414E-02
  0.14526355E-02
  0.16963254E-01
  0.44518228E-02
  0.62095699E-02
  0.18486867E-01
  0.24452341E-02
  0.20390810E-02
  0.18224471E-02
  0.16998732E-02
  0.13078862E-01
  0.40275384E-02
  0.43789525E-02
  0.13917323E-01
  0.49347890E-02
  0.34165974E-02
  0.24027801E-02
  0.21271851E-02
  0.89635195E-02
  0.30862449E-02
  0.25880717E-02
  0.67095883E-02
  0.16759604E-01
  0.70990291E-02
  0.34270027E-02
  0.29073780E-02
  0.60893264E-02
  0.19038098E-02
  0.16305058E-02
  0.28519725E-02
  0.30242277E-02
  0.37414077E-01
  0.19997511E-01
  0.92796779E-02
  0.59003533E-02
  0.55588725E-02
  0.40266707E-02
  0.13766675E-02
  0.10407604E-02
  0.15174639E-02
  0.18249616E-02
  0.12868712E-02
  0.11089221E-02
  0.25740256E-01
  0.34489231E-01
  0.27677931E-01
  0.15217794E-01
  0.66970158E-02
  0.64906998E-02
  0.79363465E-02
  0.23780043E-02
  0.10251140E-02
  0.86482117E-03
  0.10229335E-02
  0.10032430E-02
  0.92931340E-03
  0.10375371E-02
  0.86087217E-03
  0.10623359E-02
  0.16423624E-01
  0.30226182E-01
  0.26580824E-01
  0.35718537E-01
  0.20676445E-01
  0.81037205E-02
  0.24974067E-02
  0.37656275E-02
  0.47911060E-02
  0.16129865E-02
  0.64919375E-03
  0.63682994E-03
  0.83130152E-03
  0.92634877E-03
  0.89364031E-03
  0.75823183E-03
  0.94523253E-03
  0.14330375E-02
  0.13789142E-02
  0.17678086E-02
  0.59075485E-02
  0.16047977E-01
  0.13528952E-01
  0.27733367E-01
  0.22648354E-01
  0.17281500E-01
  0.64788828E-02
  0.21513745E-02
  0.57497746E-02
  0.82075173E-02
  0.90086812E-02
  0.12118384E-02
  0.39827243E-03
  0.41317218E-03
  0.65787941E-03
  0.86273505E-03
  0.97539418E-03
  0.10180082E-02
  0.10439739E-02
  0.10904038E-02
  0.16981993E-02
  0.24620268E-02
  0.22536473E-02
  0.26698770E-02
  0.30409936E-02
  0.46429704E-02
  0.44632732E-02
  0.84812905E-02
  0.66968760E-02
  0.86828359E-02
  0.53763682E-02
  0.28214849E-02
  0.14052817E-01
  0.21220668E-01
  0.20020144E-01
  0.19846922E-01
  0.19253547E-01
  0.75467022E-03
  0.42029876E-03
  0.53635895E-03
  0.60139565E-03
  0.75568924E-03
  0.92645125E-03
  0.10483397E-02
  0.11143824E-02
  0.12194317E-02
  0.14191821E-02
  0.16552550E-02
  0.26071108E-02
  0.36449936E-02
  0.32123069E-02
  0.36261275E-02
  0.18781080E-02
  0.26558441E-02
  0.25592043E-02
  0.31545473E-02
  0.30081212E-02
  0.31374677E-02
  0.27974710E-02
  0.28585957E-02
  0.54278687E-02
  0.16578727E-01
  0.33809069E-01
  0.44543657E-01
  0.41746531E-01
  0.47859999E-01
  0.51840564E-01
  0.68823915E-03
  0.91317798E-03
  0.72874946E-03
  0.55404774E-03
  0.61251241E-03
  0.77050370E-03
  0.90405792E-03
  0.10246647E-02
  0.11265469E-02
  0.12329479E-02
  0.14723416E-02
  0.18720741E-02
  0.22956218E-02
  0.35597909E-02
  0.48719877E-02
  0.41947909E-02
  0.45971582E-02
  0.10002684E-02
  0.16070923E-02
  0.15680533E-02
  0.20814341E-02
  0.18181861E-02
  0.20348011E-02
  0.20747251E-02
  0.23349886E-02
  0.35025784E-02
  0.51469754E-02
  0.14784388E-01
  0.36094744E-01
  0.42294690E-01
  0.55787732E-01
  0.58199702E-01
  0.65020996E-01
  0.62490223E-01
  0.70191186E-03
  0.72314256E-03
  0.57154860E-03
  0.57360091E-03
  0.68607200E-03
  0.83807905E-03
  0.94070997E-03
  0.10432598E-02
  0.11607134E-02
  0.13397923E-02
  0.17480311E-02
  0.23618064E-02
  0.29677266E-02
  0.45200512E-02
  0.61001456E-02
  0.53254583E-02
  0.48157088E-02
  0.60186716E-03
  0.71221427E-03
  0.84957348E-03
  0.13183812E-02
  0.15315409E-02
  0.17773050E-02
  0.19579156E-02
  0.21875176E-02
  0.26928660E-02
  0.34447864E-02
  0.49443431E-02
  0.10423307E-01
  0.23197052E-01
  0.47709852E-01
  0.52348287E-01
  0.45253564E-01
  0.44582761E-01
  0.64188827E-03
  0.72894124E-03
  0.66591863E-03
  0.71398253E-03
  0.81734764E-03
  0.91872358E-03
  0.96763442E-03
  0.10463779E-02
  0.11773052E-02
  0.14419498E-02
  0.20416367E-02
  0.28706943E-02
  0.36492414E-02
  0.53247362E-02
  0.66791925E-02
  0.60114366E-02
  0.58797436E-02
  0.19245154E-02
  0.10515018E-02
  0.98877906E-03
  0.10331957E-02
  0.14384973E-02
  0.17479677E-02
  0.19977324E-02
  0.21857863E-02
  0.24172012E-02
  0.27596855E-02
  0.36766954E-02
  0.54423336E-02
  0.66968929E-02
  0.13754236E-01
  0.28163482E-01
  0.37664399E-01
  0.27253898E-01
  0.86785441E-03
  0.10233534E-02
  0.94867868E-03
  0.94112376E-03
  0.99930294E-03
  0.10422288E-02
  0.10149473E-02
  0.10520376E-02
  0.11851436E-02
  0.15463241E-02
  0.23562476E-02
  0.34060343E-02
  0.44254079E-02
  0.62454021E-02
  0.84303223E-02
  0.78294164E-02
  0.68278779E-02
  0.36719084E-02
  0.29295168E-02
  0.28306534E-02
  0.21755285E-02
  0.16746297E-02
  0.19437621E-02
  0.21274540E-02
  0.22565527E-02
  0.23792281E-02
  0.24829727E-02
  0.28633519E-02
  0.36835004E-02
  0.43986497E-02
  0.61757478E-02
  0.96139637E-02
  0.14320993E-01
  0.73598134E-02
  0.12196859E-02
  0.14395806E-02
  0.13021564E-02
  0.12132995E-02
  0.12140220E-02
  0.11970450E-02
  0.10820683E-02
  0.10636502E-02
  0.11965935E-02
  0.16947597E-02
  0.27886844E-02
  0.41728448E-02
  0.53777223E-02
  0.81005982E-02
  0.11486755E-01
  0.10725572E-01
  0.11784612E-01
  0.51978657E-02
  0.48487089E-02
  0.49628629E-02
  0.39364412E-02
  0.23999444E-02
  0.24158017E-02
  0.23394444E-02
  0.23282744E-02
  0.23528700E-02
  0.23217450E-02
  0.23906083E-02
  0.26706565E-02
  0.28169589E-02
  0.45055589E-02
  0.56329238E-02
  0.53836860E-02
  0.53680004E-02
  0.16241636E-02
  0.18972223E-02
  0.16806128E-02
  0.15114004E-02
  0.14553482E-02
  0.13714339E-02
  0.11723675E-02
  0.11054472E-02
  0.12784712E-02
  0.19693490E-02
  0.34768493E-02
  0.54104596E-02
  0.68628470E-02
  0.12098170E-01
  0.19498510E-01
  0.18185589E-01
  0.22635460E-01
  0.55384742E-02
  0.99912189E-02
  0.78980783E-02
  0.55031193E-02
  0.35244669E-02
  0.31230717E-02
  0.26290582E-02
  0.23922216E-02
  0.23087032E-02
  0.21826266E-02
  0.20664574E-02
  0.19580685E-02
  0.17927830E-02
  0.27093427E-02
  0.35730731E-02
  0.35766862E-02
  0.40132612E-02
  0.20578285E-02
  0.23699666E-02
  0.20846092E-02
  0.18377158E-02
  0.17389789E-02
  0.15932464E-02
  0.13027500E-02
  0.12079108E-02
  0.14263204E-02
  0.24369874E-02
  0.46995649E-02
  0.76930138E-02
  0.11437473E-01
  0.22174374E-01
  0.36264906E-01
  0.37807375E-01
  0.32090295E-01
  0.20117490E-01
  0.35489155E-01
  0.18204581E-01
  0.87129789E-02
  0.53729966E-02
  0.44679157E-02
  0.31521362E-02
  0.24968209E-02
  0.22586913E-02
  0.20691816E-02
  0.18895508E-02
  0.16164699E-02
  0.13323215E-02
  0.11843907E-02
  0.15043621E-02
  0.16464650E-02
  0.23601247E-02
  0.25264498E-02
  0.28497183E-02
  0.25557788E-02
  0.23648061E-02
  0.22084421E-02
  0.19155432E-02
  0.15395910E-02
  0.13407903E-02
  0.16052592E-02
  0.34607303E-02
  0.74894417E-02
  0.14655450E-01
  0.23142809E-01
  0.40365163E-01
  0.52610774E-01
  0.46595321E-01
  0.37799645E-01
  0.40547744E-01
  0.42580775E-01
  0.45873768E-01
  0.37485489E-01
  0.12418454E-01
  0.65976900E-02
  0.40622127E-02
  0.28119918E-02
  0.23310453E-02
  0.20194757E-02
  0.18521549E-02
  0.16258810E-02
  0.13687643E-02
  0.11000692E-02
  0.73836655E-03
  0.60261726E-03
  0.87756156E-03
  0.31199591E-02
  0.34628061E-02
  0.32483462E-02
  0.31418424E-02
  0.31254989E-02
  0.27062773E-02
  0.22327352E-02
  0.14626629E-02
  0.24025009E-02
  0.57699216E-02
  0.14743745E-01
  0.28090105E-01
  0.36994692E-01
  0.50746887E-01
  0.54839375E-01
  0.58734831E-01
  0.57604490E-01
  0.61680758E-01
  0.56245511E-01
  0.54509341E-01
  0.37498009E-01
  0.22524419E-01
  0.86117129E-02
  0.39465440E-02
  0.28145107E-02
  0.21015979E-02
  0.19537779E-02
  0.18806538E-02
  0.16677164E-02
  0.18165308E-02
  0.13103525E-02
  0.12864913E-02
  0.79018926E-03
  0.38530482E-02
  0.51775881E-02
  0.47029854E-02
  0.47335021E-02
  0.50393994E-02
  0.45332183E-02
  0.36976849E-02
  0.21517685E-02
  0.32586627E-02
  0.12701796E-01
  0.23191946E-01
  0.32863650E-01
  0.30589639E-01
  0.34581255E-01
  0.40369151E-01
  0.40727630E-01
  0.36262267E-01
  0.39894361E-01
  0.23883927E-01
  0.80523159E-02
  0.37613449E-02
  0.25846625E-02
  0.26654213E-02
  0.27236641E-02
  0.25913724E-02
  0.27577765E-02
  0.21777473E-02
  0.22687722E-02
  0.15732710E-02
  0.60598123E-02
  0.10379085E-01
  0.97387351E-02
  0.92838738E-02
  0.10490554E-01
  0.85385929E-02
  0.54996035E-02
  0.24842181E-02
  0.57909676E-02
  0.11696851E-01
  0.12474069E-01
  0.14461252E-01
  0.17104036E-01
  0.18122816E-01
  0.17157222E-01
  0.15324222E-01
  0.58834271E-02
  0.36645838E-02
  0.51495763E-02
  0.70175540E-02
  0.51077556E-02
  0.51847443E-02
  0.35046871E-02
  0.35290650E-02
  0.26375501E-02
  0.12313014E-01
  0.21410509E-01
  0.21075481E-01
  0.17884338E-01
  0.20380986E-01
  0.13892091E-01
  0.61291077E-02
  0.17115567E-02
  0.15925819E-02
  0.25348107E-02
  0.36632354E-02
  0.37162383E-02
  0.17323634E-02
  0.34614371E-02
  0.10415940E-01
  0.19222417E-01
  0.17078725E-01
  0.21204599E-01
  0.94626819E-02
  0.10092801E-01
  0.44860577E-02
  0.25822879E-01
  0.30712949E-01
  0.32743267E-01
  0.26025521E-01
  0.17446624E-01
  0.69100415E-02
  0.49549111E-02
  0.59371823E-02
  0.55965435E-02
  0.36809453E-02
  0.43487322E-02
  0.99194424E-02
  0.23399433E-01
  0.36739996E-01
  0.27222086E-01
  0.28142633E-01
  0.11510346E-01
  0.33432343E-01
  0.36578281E-01
  0.30996755E-01
  0.14608157E-01
  0.71688029E-02
  0.68356704E-02
  0.52764846E-02
  0.38054753E-02
  0.75039782E-02
  0.18892193E-01
  0.30422601E-01
  0.31212545E-01
  0.22927103E-01
  0.38989630E-01
  0.15510223E-01
  0.41878066E-02
  0.33414491E-02
  0.28823945E-02
  0.40359224E-02
  0.79682318E-02
  0.21616027E-01
  0.36835790E-01
  0.31335768E-02
  0.25238400E-02
  0.21331971E-02
  0.24294578E-02
  0.35280940E-02
  0.57557653E-02
  0.14507457E-01
  0.13331327E-02
  0.14027467E-02
  0.16282949E-02
  0.20312943E-02
  0.26221592E-02
  0.35937892E-02
  0.46106605E-02
  0.82654446E-03
  0.80456132E-03
  0.12271149E-02
  0.16419547E-02
  0.20776000E-02
  0.24632214E-02
  0.28846005E-02
  0.67454039E-03
  0.51126768E-03
  0.96743590E-03
  0.13747069E-02
  0.17330528E-02
  0.20594631E-02
  0.23671288E-02
  0.45325636E-03
  0.40233680E-03
  0.88322505E-03
  0.12716534E-02
  0.15839194E-02
  0.18830940E-02
  0.21640389E-02
  0.25612130E-03
  0.44048303E-03
  0.90439019E-03
  0.12930698E-02
  0.15942750E-02
  0.18371702E-02
  0.21128533E-02
  0.12199415E-03
  0.44822036E-03
  0.87785499E-03
  0.12603970E-02
  0.15812143E-02
  0.18630876E-02
  0.21613694E-02
  0.55489866E-04
  0.44299778E-03
  0.84216296E-03
  0.12161998E-02
  0.15575900E-02
  0.18767986E-02
  0.22014231E-02
  0.53920408E-04
  0.43488107E-03
  0.81079374E-03
  0.11750904E-02
  0.15307888E-02
  0.18840415E-02
  0.22291297E-02
  0.58201995E-04
  0.43238773E-03
  0.79672625E-03
  0.11559508E-02
  0.15118334E-02
  0.18797643E-02
  0.22644444E-02
  0.67505564E-04
  0.44124602E-03
  0.80081849E-03
  0.11515344E-02
  0.15046667E-02
  0.18613259E-02
  0.24145419E-02
  0.77910142E-04
  0.47157524E-03
  0.82594764E-03
  0.11578536E-02
  0.14818076E-02
  0.18154137E-02
  0.23134938E-02
  0.14847479E-03
  0.48248945E-03
  0.88109687E-03
  0.12692091E-02
  0.16310106E-02
  0.18678158E-02
  0.19908684E-02
  0.31777169E-03
  0.57870775E-03
  0.93783162E-03
  0.13467421E-02
  0.17857657E-02
  0.19795134E-02
  0.19164607E-02
  0.33082168E-01
  0.56942300E-02
  0.36008572E-02
  0.38807000E-02
  0.42556126E-02
  0.39330530E-02
  0.33537457E-02
  0.28115554E-02
  0.26236510E-02
  0.28995447E-02
  0.34185173E-02
  0.38843541E-02
  0.39816645E-02
  0.31765638E-02
  0.44493821E-02
  0.65702879E-02
  0.41489960E-01
  0.99961277E-02
  0.27589575E-01
  0.62011799E-02
  0.52867566E-02
  0.31722623E-02
  0.38098043E-02
  0.41758005E-02
  0.38696852E-02
  0.32401778E-02
  0.25685342E-02
  0.23216237E-02
  0.27060359E-02
  0.33281159E-02
  0.38303392E-02
  0.39312124E-02
  0.31618614E-02
  0.39568943E-02
  0.61875218E-02
  0.81640065E-02
  0.26721472E-01
  0.85404456E-02
  0.56353592E-02
  0.96948339E-02
  0.87194787E-02
  0.18987419E-01
  0.49880269E-02
  0.37834462E-02
  0.23407096E-02
  0.42275740E-02
  0.44475567E-02
  0.39684462E-02
  0.32618418E-02
  0.20740501E-02
  0.14711631E-02
  0.25077564E-02
  0.33787400E-02
  0.40302500E-02
  0.43708879E-02
  0.37483198E-02
  0.25196705E-02
  0.45147125E-02
  0.60210571E-02
  0.17940288E-01
  0.95588563E-02
  0.54781372E-02
  0.48926921E-02
  0.39527799E-02
  0.53326805E-02
  0.37645998E-02
  0.58401339E-02
  0.41031357E-02
  0.37197308E-02
  0.28282690E-02
  0.13754687E-02
  0.47202470E-02
  0.52128648E-02
  0.53243730E-02
  0.45462489E-02
  0.36338210E-02
  0.22301587E-02
  0.17767946E-02
  0.26817228E-02
  0.39057153E-02
  0.48544958E-02
  0.52925198E-02
  0.53180548E-02
  0.39077339E-02
  0.19584684E-02
  0.35796147E-02
  0.44139844E-02
  0.43856754E-02
  0.40755827E-02
  0.38094603E-02
  0.34544006E-02
  0.31037629E-02
  0.33477125E-02
  0.37700147E-02
  0.28606335E-02
  0.36157671E-02
  0.25242549E-02
  0.22541146E-02
  0.16901919E-02
  0.19514690E-02
  0.47420694E-02
  0.89140212E-02
  0.97203722E-02
  0.11721057E-01
  0.66537747E-02
  0.59692175E-02
  0.49924491E-02
  0.34635415E-02
  0.24162954E-02
  0.47092594E-02
  0.54819335E-02
  0.64071443E-02
  0.83275538E-02
  0.11017154E-01
  0.96914303E-02
  0.66770839E-02
  0.39633819E-02
  0.22187815E-02
  0.21489463E-02
  0.22602470E-02
  0.22883109E-02
  0.23466781E-02
  0.24536583E-02
  0.23840275E-02
  0.21905964E-02
  0.27293900E-02
  0.31578817E-02
  0.22983370E-02
  0.31033492E-02
  0.18027995E-02
  0.17702961E-02
  0.11876283E-02
  0.11556677E-02
  0.27877898E-02
  0.53123492E-02
  0.11495955E-01
  0.21071616E-01
  0.15342416E-01
  0.17633496E-01
  0.11682853E-01
  0.90020324E-02
  0.43567648E-02
  0.68657623E-02
  0.12703855E-01
  0.13913421E-01
  0.16540206E-01
  0.19441311E-01
  0.16368792E-01
  0.72476374E-02
  0.41654715E-02
  0.24662657E-02
  0.17025395E-02
  0.15465968E-02
  0.15713865E-02
  0.16072162E-02
  0.16895755E-02
  0.18053629E-02
  0.16488321E-02
  0.16858714E-02
  0.22365106E-02
  0.26246540E-02
  0.19240643E-02
  0.25640494E-02
  0.14341667E-02
  0.14946656E-02
  0.10742837E-02
  0.95279207E-03
  0.18267871E-02
  0.36801190E-02
  0.63005198E-02
  0.11557315E-01
  0.14452436E-01
  0.24736845E-01
  0.23177348E-01
  0.22995700E-01
  0.62244780E-02
  0.18021380E-01
  0.28679587E-01
  0.23179009E-01
  0.17891304E-01
  0.12001917E-01
  0.71868662E-02
  0.40693017E-02
  0.26722182E-02
  0.19401528E-02
  0.15829971E-02
  0.14867796E-02
  0.14439500E-02
  0.13680872E-02
  0.13051359E-02
  0.15889647E-02
  0.13789874E-02
  0.18417674E-02
  0.18058934E-02
  0.21250568E-02
  0.16328547E-02
  0.20623815E-02
  0.12438804E-02
  0.12764159E-02
  0.99498454E-03
  0.92358151E-03
  0.14776825E-02
  0.26357813E-02
  0.44817926E-02
  0.70160799E-02
  0.89381094E-02
  0.15276172E-01
  0.18235678E-01
  0.25885437E-01
  0.96238291E-02
  0.21395909E-01
  0.25858847E-01
  0.14436734E-01
  0.79938524E-02
  0.62544444E-02
  0.47146651E-02
  0.29981172E-02
  0.21941900E-02
  0.18439527E-02
  0.16649134E-02
  0.15664525E-02
  0.14627654E-02
  0.13656724E-02
  0.14914980E-02
  0.22832088E-02
  0.22227691E-02
  0.29247231E-02
  0.14341687E-02
  0.16612490E-02
  0.13878463E-02
  0.15881536E-02
  0.10817559E-02
  0.10970191E-02
  0.91538679E-03
  0.89513351E-03
  0.13115793E-02
  0.21112575E-02
  0.35084234E-02
  0.55223667E-02
  0.65121205E-02
  0.89577581E-02
  0.11565701E-01
  0.16487899E-01
  0.65035333E-02
  0.10560491E-01
  0.12180612E-01
  0.79206289E-02
  0.52324369E-02
  0.43232152E-02
  0.32657857E-02
  0.23462324E-02
  0.20015250E-02
  0.18634398E-02
  0.17635158E-02
  0.17177698E-02
  0.17222528E-02
  0.17991356E-02
  0.26626922E-02
  0.40141011E-02
  0.38619549E-02
  0.44999143E-02
  0.11668782E-02
  0.12615600E-02
  0.12047454E-02
  0.11596364E-02
  0.93995475E-03
  0.95400493E-03
  0.88030687E-03
  0.89932918E-03
  0.11813925E-02
  0.17647006E-02
  0.28928352E-02
  0.43702673E-02
  0.53475339E-02
  0.70637782E-02
  0.86315908E-02
  0.10676415E-01
  0.52697530E-02
  0.66348361E-02
  0.68519170E-02
  0.52860005E-02
  0.36031549E-02
  0.28764973E-02
  0.23948684E-02
  0.19621993E-02
  0.18681138E-02
  0.18589831E-02
  0.18544823E-02
  0.19661880E-02
  0.22658700E-02
  0.26952796E-02
  0.42937882E-02
  0.60842713E-02
  0.56570937E-02
  0.55398129E-02
  0.11046036E-02
  0.10330857E-02
  0.11419676E-02
  0.87806503E-03
  0.83681499E-03
  0.85468160E-03
  0.86622404E-03
  0.92418520E-03
  0.11405648E-02
  0.15454050E-02
  0.23774290E-02
  0.34361887E-02
  0.42432389E-02
  0.59139450E-02
  0.72416384E-02
  0.73091120E-02
  0.55651454E-02
  0.48178156E-02
  0.50398748E-02
  0.35850169E-02
  0.22977586E-02
  0.18881006E-02
  0.17944962E-02
  0.17016868E-02
  0.17452907E-02
  0.18232977E-02
  0.19348238E-02
  0.23032856E-02
  0.30207041E-02
  0.38852988E-02
  0.58088470E-02
  0.81753895E-02
  0.87988777E-02
  0.86647278E-02
  0.12572645E-02
  0.10911883E-02
  0.12567605E-02
  0.84562379E-03
  0.79602530E-03
  0.82286524E-03
  0.87780231E-03
  0.95000467E-03
  0.11130385E-02
  0.13832734E-02
  0.19733042E-02
  0.27935093E-02
  0.33395732E-02
  0.49209822E-02
  0.57315391E-02
  0.53130882E-02
  0.49268750E-02
  0.29614514E-02
  0.29776924E-02
  0.21296309E-02
  0.15124913E-02
  0.14308410E-02
  0.15222743E-02
  0.15516280E-02
  0.16253433E-02
  0.17534142E-02
  0.20383951E-02
  0.28573020E-02
  0.42294101E-02
  0.55096128E-02
  0.94180285E-02
  0.16266353E-01
  0.18564337E-01
  0.15430431E-01
  0.26444047E-02
  0.25202083E-02
  0.16159872E-02
  0.11165520E-02
  0.82460805E-03
  0.85243530E-03
  0.90459403E-03
  0.96823325E-03
  0.10776686E-02
  0.12370734E-02
  0.16181021E-02
  0.22209626E-02
  0.26436645E-02
  0.39502043E-02
  0.48245383E-02
  0.45151504E-02
  0.42403481E-02
  0.17916971E-02
  0.18928819E-02
  0.16690080E-02
  0.14580621E-02
  0.14626509E-02
  0.15156335E-02
  0.14892037E-02
  0.15360202E-02
  0.17675855E-02
  0.24079157E-02
  0.40517022E-02
  0.61297658E-02
  0.10525598E-01
  0.22263062E-01
  0.29732199E-01
  0.34408903E-01
  0.25165412E-01
  0.27254881E-03
  0.67117380E-03
  0.52204163E-03
  0.80625273E-03
  0.88106757E-03
  0.95561039E-03
  0.10368745E-02
  0.11059077E-02
  0.13043917E-02
  0.16925701E-02
  0.20057123E-02
  0.29810518E-02
  0.37822141E-02
  0.35348518E-02
  0.34431266E-02
  0.17406401E-02
  0.19639733E-02
  0.20157846E-02
  0.18286796E-02
  0.18134962E-02
  0.17293043E-02
  0.15708332E-02
  0.16681212E-02
  0.22195763E-02
  0.37847168E-02
  0.78444816E-02
  0.14693937E-01
  0.15126103E-01
  0.18184048E-01
  0.16966650E-01
  0.10633379E-02
  0.10317083E-02
  0.50201797E-03
  0.62479766E-03
  0.92430977E-03
  0.10307143E-02
  0.10965737E-02
  0.12552055E-02
  0.14536008E-02
  0.20706026E-02
  0.28180759E-02
  0.26115875E-02
  0.26749556E-02
  0.23466399E-02
  0.25801574E-02
  0.28166833E-02
  0.26641124E-02
  0.27857200E-02
  0.25265201E-02
  0.22092614E-02
  0.23879336E-02
  0.34868356E-02
  0.51613880E-02
  0.70741647E-02
  0.86821778E-02
  0.96849079E-02
  0.21230565E-02
  0.12718664E-02
  0.72107550E-03
  0.83926787E-03
  0.10799234E-02
  0.11252753E-02
  0.11276877E-02
  0.13318721E-02
  0.20099041E-02
  0.18075018E-02
  0.19920931E-02
  0.34057417E-02
  0.36136878E-02
  0.41433753E-02
  0.42264638E-02
  0.47869267E-02
  0.44199944E-02
  0.25974160E-02
  0.93664722E-03
  0.12675171E-02
  0.24757175E-02
  0.30083431E-02
  0.40119363E-02
  0.17105460E-02
  0.10266014E-02
  0.12337136E-02
  0.14388446E-02
  0.12364573E-02
  0.15764845E-02
  0.13043438E-02
  0.15008074E-02
  0.51930519E-02
  0.95829684E-02
  0.10496125E-01
  0.11771828E-01
  0.60413481E-02
  0.28119391E-02
  0.19458701E-02
  0.26932521E-02
  0.28432360E-02
  0.63442671E-02
  0.24147296E-02
  0.14394528E-02
  0.19464545E-02
  0.19681273E-02
  0.14933045E-02
  0.15202050E-02
  0.12802692E-01
  0.26664843E-01
  0.16493586E-01
  0.66973168E-02
  0.24221463E-02
  0.29038874E-02
  0.30674318E-02
  0.90606307E-02
  0.36812189E-02
  0.15324987E-02
  0.28337833E-02
  0.28670930E-02
  0.21539489E-01
  0.10260287E-01
  0.27258022E-02
  0.22232099E-02
  0.24108984E-02
  0.11798027E-01
  0.47802421E-02
  0.27289153E-02
  0.10804000E-01
  0.31224836E-02
  0.24506975E-02
  0.16941950E-02
  0.14828523E-02
  0.13351630E-01
  0.52481616E-02
  0.34684733E-02
  0.11191399E-01
  0.22618680E-02
  0.18237887E-02
  0.14524866E-02
  0.13317387E-02
  0.14021867E-01
  0.55823282E-02
  0.35269920E-02
  0.11684767E-01
  0.14975695E-02
  0.13043094E-02
  0.11589630E-02
  0.11069876E-02
  0.14541979E-01
  0.58758212E-02
  0.35489267E-02
  0.11988151E-01
  0.99407938E-03
  0.94086191E-03
  0.90793784E-03
  0.89825914E-03
  0.14772353E-01
  0.59785683E-02
  0.35835416E-02
  0.12046114E-01
  0.72661119E-03
  0.73762047E-03
  0.75290089E-03
  0.75986341E-03
  0.14581088E-01
  0.58881468E-02
  0.35371263E-02
  0.11815510E-01
  0.66945256E-03
  0.69090895E-03
  0.71229826E-03
  0.72118148E-03
  0.13954934E-01
  0.55902070E-02
  0.33783214E-02
  0.11283842E-01
  0.82681030E-03
  0.81101007E-03
  0.80095628E-03
  0.79701194E-03
  0.13169914E-01
  0.52351308E-02
  0.31807847E-02
  0.10538403E-01
  0.12591894E-02
  0.11379801E-02
  0.10362589E-02
  0.10019375E-02
  0.12304866E-01
  0.48263651E-02
  0.29726077E-02
  0.97093493E-02
  0.20853993E-02
  0.17341684E-02
  0.14361878E-02
  0.13375907E-02
  0.10844040E-01
  0.42816393E-02
  0.24285529E-02
  0.88726037E-02
  0.34564110E-02
  0.27152528E-02
  0.19485421E-02
  0.17635513E-02
  0.87278749E-02
  0.32849140E-02
  0.15549182E-02
  0.55290099E-02
  0.68474041E-02
  0.34206780E-02
  0.26508600E-02
  0.29928109E-02
  0.66373760E-02
  0.21555355E-02
  0.11516188E-02
  0.19034594E-02
  0.22515143E-02
  0.43708583E-01
  0.15334403E-01
  0.39439993E-02
  0.38828053E-02
  0.33175110E-02
  0.44891418E-02
  0.16202289E-02
  0.93378210E-03
  0.11985049E-02
  0.12609064E-02
  0.78195874E-03
  0.65516097E-03
  0.18073044E-01
  0.34052144E-01
  0.26291100E-01
  0.92600378E-02
  0.35798650E-02
  0.39252990E-02
  0.47438821E-02
  0.25226470E-02
  0.11650602E-02
  0.76479563E-03
  0.84918401E-03
  0.75600305E-03
  0.56891769E-03
  0.36890195E-03
  0.29380394E-03
  0.66178452E-03
  0.10307566E-01
  0.21580907E-01
  0.21073936E-01
  0.33288098E-01
  0.16185623E-01
  0.46965550E-02
  0.18988671E-02
  0.32092700E-02
  0.49885511E-02
  0.15233719E-02
  0.81891520E-03
  0.51579221E-03
  0.65037102E-03
  0.73409541E-03
  0.67398577E-03
  0.46586396E-03
  0.59789126E-03
  0.10574000E-02
  0.11988051E-02
  0.14662838E-02
  0.46398480E-02
  0.60565881E-02
  0.62625012E-02
  0.12843207E-01
  0.98931454E-02
  0.11129821E-01
  0.38234246E-02
  0.10439033E-02
  0.48013135E-02
  0.51339332E-02
  0.39916520E-02
  0.10150247E-02
  0.47245546E-03
  0.30350428E-03
  0.46075776E-03
  0.62616143E-03
  0.70866732E-03
  0.71907284E-03
  0.72497999E-03
  0.80704040E-03
  0.14398560E-02
  0.21045659E-02
  0.20305116E-02
  0.22463482E-02
  0.30074385E-02
  0.29196143E-02
  0.31798750E-02
  0.35714539E-02
  0.38873342E-02
  0.38381212E-02
  0.32919619E-02
  0.22359116E-02
  0.67832144E-02
  0.15524213E-01
  0.14745133E-01
  0.17065182E-01
  0.19688163E-01
  0.65231331E-03
  0.38852005E-03
  0.38021905E-03
  0.42570983E-03
  0.52503303E-03
  0.64307184E-03
  0.71844167E-03
  0.74996866E-03
  0.83585227E-03
  0.10562808E-02
  0.13454385E-02
  0.22392346E-02
  0.31081906E-02
  0.28509211E-02
  0.30256830E-02
  0.18758552E-02
  0.22570100E-02
  0.18848465E-02
  0.25670326E-02
  0.19622892E-02
  0.19420605E-02
  0.16966600E-02
  0.16766275E-02
  0.31773619E-02
  0.60801956E-02
  0.17707301E-01
  0.35192804E-01
  0.31121195E-01
  0.39759697E-01
  0.43989517E-01
  0.44729844E-03
  0.55202534E-03
  0.47169161E-03
  0.38928181E-03
  0.45198988E-03
  0.54746132E-03
  0.62429399E-03
  0.68620405E-03
  0.73363049E-03
  0.80411662E-03
  0.10319189E-02
  0.14471507E-02
  0.18940883E-02
  0.30297049E-02
  0.41084554E-02
  0.36719856E-02
  0.38069049E-02
  0.97832078E-03
  0.13544802E-02
  0.11642095E-02
  0.18574802E-02
  0.14390446E-02
  0.15924687E-02
  0.14567861E-02
  0.14447204E-02
  0.19719476E-02
  0.34459649E-02
  0.65595764E-02
  0.14153312E-01
  0.24221140E-01
  0.41316486E-01
  0.42987377E-01
  0.56290594E-01
  0.53368399E-01
  0.39825970E-03
  0.44437367E-03
  0.43702869E-03
  0.45585774E-03
  0.54208499E-03
  0.62020840E-03
  0.65006284E-03
  0.68116383E-03
  0.72965410E-03
  0.86307085E-03
  0.12534403E-02
  0.18567657E-02
  0.24522490E-02
  0.38205914E-02
  0.51087018E-02
  0.44929284E-02
  0.45886927E-02
  0.25236739E-03
  0.43361347E-03
  0.57038456E-03
  0.11172419E-02
  0.12211299E-02
  0.14166152E-02
  0.14508617E-02
  0.14982216E-02
  0.17686001E-02
  0.23350329E-02
  0.37762299E-02
  0.61778449E-02
  0.90101636E-02
  0.19566422E-01
  0.28371640E-01
  0.37921258E-01
  0.21654910E-01
  0.47653510E-03
  0.55372733E-03
  0.61304391E-03
  0.60516681E-03
  0.68003797E-03
  0.71422863E-03
  0.68105396E-03
  0.67823276E-03
  0.72080900E-03
  0.92570677E-03
  0.14945800E-02
  0.22799171E-02
  0.30161937E-02
  0.46085176E-02
  0.61036973E-02
  0.53108044E-02
  0.53648554E-02
  0.15820523E-02
  0.77249631E-03
  0.57557723E-03
  0.72855637E-03
  0.10749900E-02
  0.13251543E-02
  0.14882933E-02
  0.15805248E-02
  0.17178702E-02
  0.19654757E-02
  0.27856067E-02
  0.42905035E-02
  0.53931261E-02
  0.78289431E-02
  0.12017105E-01
  0.20352929E-01
  0.10072646E-01
  0.73880519E-03
  0.89572555E-03
  0.88688741E-03
  0.81254894E-03
  0.85092787E-03
  0.84151087E-03
  0.73341050E-03
  0.68539970E-03
  0.70985324E-03
  0.99426310E-03
  0.17502323E-02
  0.27096270E-02
  0.35809630E-02
  0.53778600E-02
  0.70163686E-02
  0.59788613E-02
  0.56473416E-02
  0.32196178E-02
  0.26572366E-02
  0.23232932E-02
  0.17728245E-02
  0.12148072E-02
  0.14241127E-02
  0.15629356E-02
  0.16469074E-02
  0.17316523E-02
  0.18023176E-02
  0.21309110E-02
  0.28744669E-02
  0.34675892E-02
  0.54194346E-02
  0.71778255E-02
  0.81397935E-02
  0.64772671E-02
  0.10797866E-02
  0.12945832E-02
  0.11922405E-02
  0.10497668E-02
  0.10427714E-02
  0.98860801E-03
  0.80140526E-03
  0.69958400E-03
  0.69461061E-03
  0.10680698E-02
  0.20190608E-02
  0.31540991E-02
  0.42377291E-02
  0.60412210E-02
  0.77745094E-02
  0.71027499E-02
  0.61769058E-02
  0.48054693E-02
  0.45733458E-02
  0.43245904E-02
  0.34468019E-02
  0.18864495E-02
  0.18127465E-02
  0.17087229E-02
  0.16934735E-02
  0.17143879E-02
  0.16834681E-02
  0.17362946E-02
  0.19912020E-02
  0.21892650E-02
  0.38233577E-02
  0.47870285E-02
  0.49173267E-02
  0.48164701E-02
  0.14442952E-02
  0.16915109E-02
  0.15027130E-02
  0.12961037E-02
  0.12466424E-02
  0.11436836E-02
  0.87820325E-03
  0.71495333E-03
  0.67400326E-03
  0.11732080E-02
  0.23655469E-02
  0.37432752E-02
  0.50148380E-02
  0.69669340E-02
  0.91933827E-02
  0.90003417E-02
  0.70278834E-02
  0.62183365E-02
  0.69125048E-02
  0.64875610E-02
  0.50802155E-02
  0.29414350E-02
  0.24522770E-02
  0.19362156E-02
  0.17268358E-02
  0.16743028E-02
  0.15843985E-02
  0.15019483E-02
  0.14018195E-02
  0.12746578E-02
  0.20818646E-02
  0.27613031E-02
  0.30219482E-02
  0.33822863E-02
  0.18119762E-02
  0.20847113E-02
  0.18150703E-02
  0.15468123E-02
  0.14556910E-02
  0.12985512E-02
  0.96005013E-03
  0.73521537E-03
  0.68516673E-03
  0.13446273E-02
  0.27899085E-02
  0.45958701E-02
  0.59232999E-02
  0.88835962E-02
  0.11835485E-01
  0.10948322E-01
  0.96931139E-02
  0.85053991E-02
  0.16376595E-01
  0.10241141E-01
  0.68560294E-02
  0.45311232E-02
  0.34516493E-02
  0.22950158E-02
  0.17474286E-02
  0.16050213E-02
  0.15020425E-02
  0.14164314E-02
  0.12302095E-02
  0.99513655E-03
  0.81141033E-03
  0.92128088E-03
  0.11597347E-02
  0.18084963E-02
  0.21826626E-02
  0.24730049E-02
  0.21378067E-02
  0.18082662E-02
  0.16778619E-02
  0.14623508E-02
  0.10582349E-02
  0.77765666E-03
  0.70802507E-03
  0.15947222E-02
  0.34572189E-02
  0.55763464E-02
  0.70177602E-02
  0.11285546E-01
  0.16089606E-01
  0.14925634E-01
  0.12008813E-01
  0.18556051E-01
  0.37022944E-01
  0.22926519E-01
  0.14400533E-01
  0.66023582E-02
  0.50595338E-02
  0.29208525E-02
  0.18469404E-02
  0.15361726E-02
  0.14239911E-02
  0.14228465E-02
  0.13603918E-02
  0.11341171E-02
  0.10260954E-02
  0.59242250E-03
  0.38986885E-03
  0.50030708E-03
  0.25696108E-02
  0.28559083E-02
  0.25014296E-02
  0.21617568E-02
  0.19860777E-02
  0.16742292E-02
  0.11930853E-02
  0.84719919E-03
  0.77342273E-03
  0.19968329E-02
  0.44593814E-02
  0.69587097E-02
  0.96863540E-02
  0.16735681E-01
  0.22104945E-01
  0.31574339E-01
  0.28918790E-01
  0.47796704E-01
  0.39117234E-01
  0.37318422E-01
  0.16983833E-01
  0.95064963E-02
  0.44147080E-02
  0.23215039E-02
  0.15693991E-02
  0.13953178E-02
  0.14937324E-02
  0.16181042E-02
  0.13846116E-02
  0.17713786E-02
  0.11256037E-02
  0.12490728E-02
  0.89039729E-03
  0.30074333E-02
  0.30995464E-02
  0.28864706E-02
  0.25975173E-02
  0.24073747E-02
  0.19973177E-02
  0.15232982E-02
  0.10032766E-02
  0.91890676E-03
  0.30121592E-02
  0.62815576E-02
  0.10407223E-01
  0.11172628E-01
  0.18026399E-01
  0.22047531E-01
  0.26017373E-01
  0.24088290E-01
  0.27500692E-01
  0.12388777E-01
  0.38594165E-02
  0.19035489E-02
  0.15272067E-02
  0.17499193E-02
  0.20221681E-02
  0.18965860E-02
  0.25230680E-02
  0.17908091E-02
  0.21370168E-02
  0.17449785E-02
  0.35970317E-02
  0.42953727E-02
  0.35913032E-02
  0.33227609E-02
  0.31558682E-02
  0.27574299E-02
  0.20482830E-02
  0.11609769E-02
  0.11928473E-02
  0.32005876E-02
  0.51573262E-02
  0.74564199E-02
  0.10934160E-01
  0.10524370E-01
  0.92640826E-02
  0.86706445E-02
  0.36465759E-02
  0.24384232E-02
  0.32616287E-02
  0.36239216E-02
  0.34058248E-02
  0.33047943E-02
  0.28971446E-02
  0.27304204E-02
  0.27836905E-02
  0.41847511E-02
  0.60773134E-02
  0.50069748E-02
  0.44046829E-02
  0.45114733E-02
  0.32561135E-02
  0.19175493E-02
  0.16332754E-02
  0.22744720E-02
  0.24788951E-02
  0.28107699E-02
  0.28517143E-02
  0.10821586E-02
  0.22054256E-02
  0.52379849E-02
  0.12720962E-01
  0.78033126E-02
  0.10171342E-01
  0.50884480E-02
  0.52843940E-02
  0.40870440E-02
  0.59930619E-02
  0.10569309E-01
  0.90730749E-02
  0.77091953E-02
  0.30842068E-02
  0.27060606E-02
  0.34924674E-02
  0.38189641E-02
  0.35853337E-02
  0.27871690E-02
  0.31079704E-02
  0.47264102E-02
  0.16174082E-01
  0.31807175E-01
  0.17153159E-01
  0.17312239E-01
  0.79666543E-02
  0.10051539E-01
  0.18633713E-01
  0.76888122E-02
  0.36667902E-02
  0.39400624E-02
  0.38386084E-02
  0.32533445E-02
  0.27829010E-02
  0.45757399E-02
  0.10463484E-01
  0.24539048E-01
  0.31962235E-01
  0.14695301E-01
  0.71800843E-02
  0.32934480E-02
  0.32428517E-02
  0.28013135E-02
  0.21254056E-02
  0.29451901E-02
  0.47505820E-02
  0.12794274E-01
  0.31403106E-01
  0.14959601E-02
  0.16320707E-02
  0.15147275E-02
  0.18084121E-02
  0.26541559E-02
  0.38493774E-02
  0.64076775E-02
  0.16901662E-02
  0.75735472E-03
  0.10140472E-02
  0.14668681E-02
  0.21080288E-02
  0.29754497E-02
  0.36000943E-02
  0.23830340E-02
  0.52807481E-03
  0.65419394E-03
  0.11069710E-02
  0.16209084E-02
  0.21688302E-02
  0.26989791E-02
  0.25843674E-02
  0.80127239E-03
  0.37930788E-03
  0.81490767E-03
  0.12502799E-02
  0.16812235E-02
  0.20920884E-02
  0.25659122E-02
  0.94350509E-03
  0.30517307E-03
  0.71772156E-03
  0.10297816E-02
  0.13874659E-02
  0.17348367E-02
  0.25371676E-02
  0.99157857E-03
  0.32634588E-03
  0.75145735E-03
  0.10454543E-02
  0.12635009E-02
  0.15688884E-02
  0.25483095E-02
  0.98802867E-03
  0.30999617E-03
  0.74083258E-03
  0.10284975E-02
  0.12637281E-02
  0.15695165E-02
  0.25846556E-02
  0.90764859E-03
  0.26982949E-03
  0.67537786E-03
  0.10732177E-02
  0.14447375E-02
  0.17793721E-02
  0.25034116E-02
  0.64741111E-03
  0.55011049E-03
  0.97727369E-03
  0.14342222E-02
  0.18978222E-02
  0.23165018E-02
  0.22122427E-02
  0.80118950E-03
  0.10968852E-02
  0.15211024E-02
  0.20901241E-02
  0.27738381E-02
  0.34278153E-02
  0.21145546E-02
  0.18852253E-02
  0.18963402E-02
  0.23418088E-02
  0.31770591E-02
  0.44457592E-02
  0.55480351E-02
  0.43192122E-02
  0.35999064E-02
  0.45078888E-02
  0.33597173E-02
  0.44609203E-02
  0.63249253E-02
  0.14318827E-01
  0.22605876E-01
  0.18650630E-01
  0.13557584E-01
  0.10417542E-01
  0.83296593E-02
  0.17016916E-01
  0.40750661E-01
  0.77071756E-02
  0.89321673E-02
  0.17888475E-01
  0.30898377E-01
  0.47069563E-01
  0.12337794E-01
  0.26640962E-01
  0.24982067E-01
  0.19796867E-01
  0.12795248E-01
  0.14344060E-01
  0.17940261E-01
  0.45499141E-01
  0.22154263E-01
  0.84350987E-02
  0.59514468E-02
  0.45767030E-02
  0.42988688E-02
  0.53982545E-02
  0.47415118E-02
  0.73129956E-02
  0.12285136E-01
  0.21607240E-01
  0.25712239E-01
  0.59286987E-02
  0.45996096E-02
  0.87615117E-02
  0.80578180E-02
  0.46660663E-02
  0.33878010E-02
  0.84947207E-02
  0.22332181E-01
  0.13221550E-01
  0.60762297E-02
  0.41955511E-02
  0.33451985E-02
  0.29975714E-02
  0.25789346E-02
  0.37415043E-02
  0.43183861E-02
  0.31927949E-02
  0.36074787E-02
  0.31053940E-02
  0.39474575E-02
  0.47951575E-02
  0.62209524E-02
  0.45838133E-02
  0.97105497E-02
  0.12292232E-01
  0.13679022E-01
  0.10741428E-01
  0.12007736E-01
  0.16659649E-01
  0.11241648E-01
  0.77915192E-02
  0.59443758E-02
  0.34409491E-02
  0.25270610E-02
  0.20898083E-02
  0.20634183E-02
  0.19876384E-02
  0.20040047E-02
  0.17575581E-02
  0.31557271E-02
  0.33789449E-02
  0.25766979E-02
  0.33453775E-02
  0.21040338E-02
  0.17309420E-02
  0.13992084E-02
  0.14744681E-02
  0.18110530E-02
  0.45324990E-02
  0.18407057E-01
  0.39600182E-01
  0.37083439E-01
  0.40954599E-01
  0.38071141E-01
  0.35622985E-01
  0.44783903E-01
  0.36668257E-01
  0.10985979E-01
  0.44006163E-02
  0.25003168E-02
  0.15162783E-02
  0.13131540E-02
  0.13897504E-02
  0.14139789E-02
  0.14939012E-02
  0.13796628E-02
  0.12928614E-02
  0.11874669E-02
  0.27408582E-02
  0.31350317E-02
  0.22620953E-02
  0.29394977E-02
  0.17455712E-02
  0.15811585E-02
  0.97450074E-03
  0.50919809E-03
  0.70480213E-03
  0.23153336E-02
  0.49514494E-02
  0.12637630E-01
  0.31086080E-01
  0.54929254E-01
  0.57332938E-01
  0.65961002E-01
  0.64797791E-01
  0.63950748E-01
  0.58160631E-01
  0.47465877E-01
  0.21358913E-01
  0.71092296E-02
  0.31285637E-02
  0.18401302E-02
  0.13665859E-02
  0.12617715E-02
  0.12960233E-02
  0.13031192E-02
  0.11761579E-02
  0.10402587E-02
  0.10187383E-02
  0.86671394E-03
  0.11482702E-02
  0.23787849E-02
  0.27516769E-02
  0.19764036E-02
  0.26252360E-02
  0.14829206E-02
  0.14587986E-02
  0.99028624E-03
  0.60574255E-03
  0.77774797E-03
  0.19459461E-02
  0.37916871E-02
  0.60122896E-02
  0.84953206E-02
  0.21548397E-01
  0.34229165E-01
  0.43746323E-01
  0.45125488E-01
  0.55727692E-01
  0.55098537E-01
  0.25793727E-01
  0.77961820E-02
  0.50234271E-02
  0.35711163E-02
  0.21565187E-02
  0.16211279E-02
  0.14723085E-02
  0.14157715E-02
  0.13666895E-02
  0.12562351E-02
  0.10746821E-02
  0.99291539E-03
  0.14495136E-02
  0.15482551E-02
  0.21732934E-02
  0.20431711E-02
  0.23807076E-02
  0.17347807E-02
  0.22855941E-02
  0.13375587E-02
  0.13319464E-02
  0.95484715E-03
  0.65367614E-03
  0.75497313E-03
  0.15792418E-02
  0.30509225E-02
  0.49919524E-02
  0.62339185E-02
  0.78509836E-02
  0.11986498E-01
  0.21878602E-01
  0.13355773E-01
  0.14163625E-01
  0.11349400E-01
  0.66152674E-02
  0.40693689E-02
  0.31780638E-02
  0.23902520E-02
  0.17382401E-02
  0.15789124E-02
  0.15483174E-02
  0.15013829E-02
  0.14471335E-02
  0.13819467E-02
  0.13311246E-02
  0.19614290E-02
  0.30660421E-02
  0.31005967E-02
  0.37114673E-02
  0.17239933E-02
  0.20180677E-02
  0.15127221E-02
  0.19469366E-02
  0.11951931E-02
  0.12049154E-02
  0.90748212E-03
  0.66588877E-03
  0.71599173E-03
  0.13255717E-02
  0.25616349E-02
  0.41153312E-02
  0.51801799E-02
  0.67119480E-02
  0.83240706E-02
  0.91913993E-02
  0.57790183E-02
  0.55275598E-02
  0.58223988E-02
  0.42073850E-02
  0.26428695E-02
  0.19935884E-02
  0.17103192E-02
  0.15084707E-02
  0.15289965E-02
  0.15645644E-02
  0.15604352E-02
  0.16049716E-02
  0.17805689E-02
  0.20840302E-02
  0.34749325E-02
  0.50813663E-02
  0.49260327E-02
  0.49998731E-02
  0.14262752E-02
  0.16668308E-02
  0.13093427E-02
  0.16096333E-02
  0.10563912E-02
  0.10741256E-02
  0.85286658E-03
  0.67147375E-03
  0.69786162E-03
  0.11460673E-02
  0.21724970E-02
  0.34006225E-02
  0.43240363E-02
  0.59424789E-02
  0.72758329E-02
  0.71158433E-02
  0.55458634E-02
  0.36523038E-02
  0.37032182E-02
  0.24466527E-02
  0.14523751E-02
  0.11981103E-02
  0.13108674E-02
  0.13742261E-02
  0.14714676E-02
  0.15450543E-02
  0.16081789E-02
  0.18502849E-02
  0.24055493E-02
  0.31257933E-02
  0.50251056E-02
  0.67957195E-02
  0.64998912E-02
  0.65474626E-02
  0.11805716E-02
  0.13455028E-02
  0.11406435E-02
  0.12812312E-02
  0.92844232E-03
  0.94822725E-03
  0.79604808E-03
  0.66940797E-03
  0.69920810E-03
  0.10250840E-02
  0.18423591E-02
  0.28579761E-02
  0.36247125E-02
  0.51797263E-02
  0.61183175E-02
  0.56989226E-02
  0.50420762E-02
  0.19091357E-02
  0.17567608E-02
  0.10974023E-02
  0.87825120E-03
  0.10065595E-02
  0.12201825E-02
  0.13235171E-02
  0.14068510E-02
  0.14790644E-02
  0.16275290E-02
  0.21830647E-02
  0.32366494E-02
  0.45208441E-02
  0.68315301E-02
  0.10430979E-01
  0.12779159E-01
  0.14566144E-01
  0.10415440E-02
  0.11225398E-02
  0.10543264E-02
  0.99041131E-03
  0.82275231E-03
  0.83927099E-03
  0.74757250E-03
  0.66579865E-03
  0.69573522E-03
  0.92547223E-03
  0.15587914E-02
  0.24202471E-02
  0.30020973E-02
  0.44570419E-02
  0.53557091E-02
  0.48444423E-02
  0.45128527E-02
  0.94031279E-03
  0.10075306E-02
  0.99186550E-03
  0.10435660E-02
  0.11971700E-02
  0.13210788E-02
  0.13132622E-02
  0.13052924E-02
  0.13473889E-02
  0.16890881E-02
  0.28889710E-02
  0.47903997E-02
  0.67877692E-02
  0.13585991E-01
  0.24443880E-01
  0.31318883E-01
  0.31292165E-01
  0.93500198E-03
  0.10804618E-02
  0.10905730E-02
  0.80806744E-03
  0.74538865E-03
  0.75366100E-03
  0.71050793E-03
  0.66245253E-03
  0.68653655E-03
  0.83550217E-03
  0.12941998E-02
  0.19963745E-02
  0.24857815E-02
  0.37469876E-02
  0.46289264E-02
  0.42936396E-02
  0.39526607E-02
  0.12039333E-02
  0.14265311E-02
  0.15282080E-02
  0.14810889E-02
  0.15338610E-02
  0.15050673E-02
  0.13315453E-02
  0.12241256E-02
  0.13168758E-02
  0.21389945E-02
  0.44974933E-02
  0.82180699E-02
  0.15363126E-01
  0.34296778E-01
  0.49943799E-01
  0.45979329E-01
  0.34153776E-01
  0.29227856E-02
  0.14057064E-02
  0.11721960E-02
  0.64520820E-03
  0.66039791E-03
  0.64711859E-03
  0.64588831E-03
  0.64047374E-03
  0.66281733E-03
  0.74767373E-03
  0.10508289E-02
  0.15918632E-02
  0.19905092E-02
  0.30380551E-02
  0.38402737E-02
  0.35757426E-02
  0.33550282E-02
  0.18961115E-02
  0.21267496E-02
  0.23096790E-02
  0.22277578E-02
  0.22730027E-02
  0.21358142E-02
  0.19683610E-02
  0.16145431E-02
  0.14068692E-02
  0.34308692E-02
  0.99056579E-02
  0.21766483E-01
  0.34733557E-01
  0.49627738E-01
  0.52684459E-01
  0.55594281E-01
  0.52593819E-01
  0.19004767E-02
  0.67535673E-03
  0.62907972E-03
  0.51472520E-03
  0.47266421E-03
  0.51474347E-03
  0.59815047E-03
  0.66013885E-03
  0.83176057E-03
  0.12134210E-02
  0.15312842E-02
  0.23497755E-02
  0.30830178E-02
  0.28782669E-02
  0.27704420E-02
  0.28724457E-02
  0.28743189E-02
  0.35173395E-02
  0.36478199E-02
  0.40988672E-02
  0.42169954E-02
  0.38620492E-02
  0.30325399E-02
  0.20020585E-02
  0.83861980E-02
  0.21498416E-01
  0.33071964E-01
  0.27986600E-01
  0.29628001E-01
  0.31533534E-01
  0.24642361E-02
  0.10432689E-02
  0.62606338E-03
  0.53138207E-03
  0.55054057E-03
  0.65690729E-03
  0.73574365E-03
  0.91379372E-03
  0.11342209E-02
  0.17007284E-02
  0.23869218E-02
  0.22207710E-02
  0.22152478E-02
  0.42478442E-02
  0.54285358E-02
  0.62022885E-02
  0.67747618E-02
  0.85686496E-02
  0.81826379E-02
  0.64546350E-02
  0.40336547E-02
  0.43644622E-02
  0.11152218E-01
  0.11596429E-01
  0.11265890E-01
  0.10749679E-01
  0.31606390E-02
  0.15133836E-02
  0.81691717E-03
  0.10437718E-02
  0.10754269E-02
  0.10186864E-02
  0.98434969E-03
  0.11740836E-02
  0.18115289E-02
  0.16459901E-02
  0.17233594E-02
  0.92607923E-02
  0.17411840E-01
  0.19549081E-01
  0.18537661E-01
  0.23235547E-01
  0.18031953E-01
  0.73066182E-02
  0.29534163E-02
  0.18907853E-02
  0.39372686E-02
  0.54216415E-02
  0.51905493E-02
  0.21191821E-02
  0.11512256E-02
  0.14979171E-02
  0.15982067E-02
  0.12916346E-02
  0.15916362E-02
  0.12837591E-02
  0.13969972E-02
  0.27443178E-01
  0.32770834E-01
  0.36987490E-01
  0.32863897E-01
  0.22434287E-01
  0.66340125E-02
  0.30120377E-02
  0.26660191E-02
  0.42596082E-02
  0.76681255E-02
  0.34910432E-02
  0.16895462E-02
  0.23419544E-02
  0.23395949E-02
  0.15604286E-02
  0.16095822E-02
  0.36060452E-01
  0.40346289E-01
  0.36272160E-01
  0.14981467E-01
  0.41002053E-02
  0.39259564E-02
  0.44956173E-02
  0.12701388E-01
  0.58229131E-02
  0.20709757E-02
  0.44935514E-02
  0.34224785E-02
  0.42961071E-01
  0.17992905E-01
  0.41369006E-02
  0.43914166E-02
  0.55273025E-02
  0.21606988E-01
  0.85088516E-02
  0.59404216E-02
  0.23381582E-01
  0.52016002E-02
  0.34847416E-02
  0.22508069E-02
  0.19388299E-02
  0.26649164E-01
  0.95947963E-02
  0.71275393E-02
  0.26285389E-01
  0.32346671E-02
  0.25294801E-02
  0.17594299E-02
  0.14920795E-02
  0.28216300E-01
  0.99132049E-02
  0.75276744E-02
  0.27719867E-01
  0.18373894E-02
  0.15189320E-02
  0.12098027E-02
  0.10899528E-02
  0.29552612E-01
  0.10458793E-01
  0.77530735E-02
  0.28505975E-01
  0.10114565E-02
  0.93251820E-03
  0.83903451E-03
  0.80076617E-03
  0.29762491E-01
  0.10517065E-01
  0.77049812E-02
  0.28283029E-01
  0.61306191E-03
  0.64156045E-03
  0.64024358E-03
  0.63625124E-03
  0.28594459E-01
  0.10079662E-01
  0.72567853E-02
  0.26830188E-01
  0.53386261E-03
  0.58731418E-03
  0.60523377E-03
  0.60675558E-03
  0.26148410E-01
  0.91110846E-02
  0.64436940E-02
  0.24277125E-01
  0.75884369E-03
  0.76286356E-03
  0.73265801E-03
  0.71740673E-03
  0.22977041E-01
  0.82372708E-02
  0.57155286E-02
  0.21100906E-01
  0.13763433E-02
  0.12178685E-02
  0.10499653E-02
  0.98584284E-03
  0.19366324E-01
  0.75758459E-02
  0.51869162E-02
  0.17793526E-01
  0.25692446E-02
  0.20543557E-02
  0.15866391E-02
  0.14176566E-02
  0.15026176E-01
  0.59765120E-02
  0.37578757E-02
  0.13997413E-01
  0.44452279E-02
  0.34079698E-02
  0.23095366E-02
  0.20025537E-02
  0.10180732E-01
  0.43981272E-02
  0.21844258E-02
  0.74587083E-02
  0.13560008E-01
  0.55578964E-02
  0.35326801E-02
  0.35164119E-02
  0.68380054E-02
  0.28064165E-02
  0.15659185E-02
  0.25781586E-02
  0.26338233E-02
  0.41749969E-01
  0.19466805E-01
  0.63893088E-02
  0.53804695E-02
  0.54260375E-02
  0.49560732E-02
  0.18814983E-02
  0.93928799E-03
  0.15558408E-02
  0.16852371E-02
  0.11038664E-02
  0.10656106E-02
  0.26246133E-01
  0.37222559E-01
  0.30848785E-01
  0.13208722E-01
  0.49334960E-02
  0.47138749E-02
  0.55027157E-02
  0.29602238E-02
  0.14351596E-02
  0.72694676E-03
  0.89934689E-03
  0.97241993E-03
  0.80842688E-03
  0.79282345E-03
  0.66558378E-03
  0.10033015E-02
  0.17415427E-01
  0.32593554E-01
  0.30265123E-01
  0.38742536E-01
  0.20370479E-01
  0.60287946E-02
  0.22280024E-02
  0.32315960E-02
  0.37214953E-02
  0.17502435E-02
  0.10542876E-02
  0.54813452E-03
  0.73384802E-03
  0.86070898E-03
  0.81375443E-03
  0.65868698E-03
  0.89033974E-03
  0.14470412E-02
  0.14978834E-02
  0.18358370E-02
  0.71893307E-02
  0.14145122E-01
  0.12965204E-01
  0.27774637E-01
  0.21421350E-01
  0.16330051E-01
  0.47198123E-02
  0.29997663E-02
  0.79589047E-02
  0.10529857E-01
  0.11570500E-01
  0.11333001E-02
  0.73575495E-03
  0.49320369E-03
  0.73719371E-03
  0.89806100E-03
  0.94506535E-03
  0.95215556E-03
  0.99602809E-03
  0.11284024E-02
  0.18368751E-02
  0.26314744E-02
  0.24773185E-02
  0.27591827E-02
  0.39520909E-02
  0.40428777E-02
  0.45169759E-02
  0.70091245E-02
  0.55327105E-02
  0.75000802E-02
  0.44026235E-02
  0.22115557E-02
  0.15401200E-01
  0.22077014E-01
  0.20498509E-01
  0.22326050E-01
  0.22374950E-01
  0.17843747E-02
  0.12554907E-02
  0.89785545E-03
  0.90363559E-03
  0.87903543E-03
  0.93873424E-03
  0.99042638E-03
  0.10271728E-02
  0.11624888E-02
  0.14428885E-02
  0.17770345E-02
  0.27966330E-02
  0.38366911E-02
  0.34714637E-02
  0.37045349E-02
  0.22551255E-02
  0.24409882E-02
  0.24414557E-02
  0.28870588E-02
  0.28836781E-02
  0.28637553E-02
  0.24731837E-02
  0.21743187E-02
  0.53283759E-02
  0.17452061E-01
  0.34892859E-01
  0.44935718E-01
  0.41669710E-01
  0.48674074E-01
  0.53226967E-01
  0.15850412E-02
  0.20509993E-02
  0.13426725E-02
  0.84045081E-03
  0.74894984E-03
  0.81355871E-03
  0.85323735E-03
  0.92044484E-03
  0.10007315E-02
  0.11240497E-02
  0.14370261E-02
  0.19324421E-02
  0.24432079E-02
  0.37576610E-02
  0.50533422E-02
  0.44760593E-02
  0.46633192E-02
  0.11273930E-02
  0.14246417E-02
  0.13562796E-02
  0.19313288E-02
  0.15484785E-02
  0.16987429E-02
  0.15838360E-02
  0.17228285E-02
  0.31451432E-02
  0.56780310E-02
  0.15593499E-01
  0.36990262E-01
  0.42686475E-01
  0.56035182E-01
  0.57975850E-01
  0.64976774E-01
  0.62714006E-01
  0.10310986E-02
  0.98098960E-03
  0.68486302E-03
  0.56407081E-03
  0.63439512E-03
  0.74663863E-03
  0.80681800E-03
  0.87990967E-03
  0.99667969E-03
  0.12201365E-02
  0.17277941E-02
  0.24375347E-02
  0.31218336E-02
  0.47161899E-02
  0.62640718E-02
  0.55864788E-02
  0.50330320E-02
  0.56187418E-03
  0.47133041E-03
  0.66406326E-03
  0.11559847E-02
  0.13134786E-02
  0.15008274E-02
  0.15761543E-02
  0.17208448E-02
  0.23145514E-02
  0.35259787E-02
  0.58268698E-02
  0.11563388E-01
  0.24221449E-01
  0.48913019E-01
  0.51273797E-01
  0.47349048E-01
  0.47197056E-01
  0.58198050E-03
  0.61276655E-03
  0.60869060E-03
  0.62480585E-03
  0.72030263E-03
  0.79016029E-03
  0.80280484E-03
  0.84926378E-03
  0.98250131E-03
  0.13131829E-02
  0.20319775E-02
  0.29548505E-02
  0.38146275E-02
  0.55329072E-02
  0.68434296E-02
  0.63057203E-02
  0.60337383E-02
  0.20492289E-02
  0.12026851E-02
  0.97856722E-03
  0.92842349E-03
  0.12316043E-02
  0.14857568E-02
  0.16796870E-02
  0.18176314E-02
  0.20755872E-02
  0.25345764E-02
  0.37436224E-02
  0.57008214E-02
  0.78426333E-02
  0.16349043E-01
  0.28310581E-01
  0.40309322E-01
  0.29516461E-01
  0.72957716E-03
  0.86087395E-03
  0.88073118E-03
  0.84403278E-03
  0.90049975E-03
  0.90934785E-03
  0.83871322E-03
  0.82849268E-03
  0.95612909E-03
  0.14102902E-02
  0.23680426E-02
  0.35271418E-02
  0.46822243E-02
  0.65467533E-02
  0.86745741E-02
  0.85298278E-02
  0.71864860E-02
  0.38964131E-02
  0.32949628E-02
  0.29856618E-02
  0.22943578E-02
  0.15370371E-02
  0.17156806E-02
  0.18424502E-02
  0.19350250E-02
  0.20603894E-02
  0.22091383E-02
  0.27499082E-02
  0.38369494E-02
  0.47859626E-02
  0.66934218E-02
  0.10371006E-01
  0.17128157E-01
  0.94727874E-02
  0.10969640E-02
  0.12965333E-02
  0.12430312E-02
  0.11208329E-02
  0.11182551E-02
  0.10629676E-02
  0.89487025E-03
  0.80663723E-03
  0.92240720E-03
  0.15604430E-02
  0.28396968E-02
  0.43626121E-02
  0.56858950E-02
  0.85675271E-02
  0.12154572E-01
  0.12302837E-01
  0.12408793E-01
  0.54926129E-02
  0.53950190E-02
  0.51761259E-02
  0.41597285E-02
  0.24057782E-02
  0.22546164E-02
  0.20741718E-02
  0.20221442E-02
  0.20470715E-02
  0.20364922E-02
  0.21821802E-02
  0.26161750E-02
  0.29678827E-02
  0.47805538E-02
  0.60502931E-02
  0.62685967E-02
  0.57939976E-02
  0.15347057E-02
  0.17643905E-02
  0.16345953E-02
  0.14263006E-02
  0.13577003E-02
  0.12251138E-02
  0.95736808E-03
  0.78383212E-03
  0.93391371E-03
  0.18605755E-02
  0.36315118E-02
  0.56459900E-02
  0.76247078E-02
  0.13289325E-01
  0.20251038E-01
  0.21766670E-01
  0.22557743E-01
  0.63610089E-02
  0.11451940E-01
  0.83110850E-02
  0.58529189E-02
  0.37242234E-02
  0.30474147E-02
  0.23798121E-02
  0.20728408E-02
  0.19874103E-02
  0.18791156E-02
  0.18133751E-02
  0.17941660E-02
  0.17602286E-02
  0.29132558E-02
  0.37809227E-02
  0.40003225E-02
  0.42510095E-02
  0.20026293E-02
  0.22343626E-02
  0.20615812E-02
  0.17685657E-02
  0.16478751E-02
  0.14075252E-02
  0.10491046E-02
  0.78332828E-03
  0.10002473E-02
  0.25279248E-02
  0.51717315E-02
  0.85404653E-02
  0.12801960E-01
  0.24022841E-01
  0.35708444E-01
  0.39213221E-01
  0.32914256E-01
  0.21481890E-01
  0.37854873E-01
  0.18182918E-01
  0.98091616E-02
  0.58112344E-02
  0.46072567E-02
  0.29880612E-02
  0.21445182E-02
  0.18842441E-02
  0.17255441E-02
  0.16080183E-02
  0.13936131E-02
  0.11617130E-02
  0.11929173E-02
  0.16046416E-02
  0.18955107E-02
  0.25368350E-02
  0.25212425E-02
  0.26970192E-02
  0.25921101E-02
  0.22817729E-02
  0.21481189E-02
  0.17436549E-02
  0.13277248E-02
  0.81045945E-03
  0.11890011E-02
  0.38830290E-02
  0.86584126E-02
  0.15562007E-01
  0.23523948E-01
  0.40819617E-01
  0.51811553E-01
  0.46896912E-01
  0.36577141E-01
  0.41867437E-01
  0.44337316E-01
  0.43673539E-01
  0.37859690E-01
  0.12988854E-01
  0.69054358E-02
  0.40864952E-02
  0.24345618E-02
  0.18648019E-02
  0.15964905E-02
  0.15323897E-02
  0.14083418E-02
  0.11826505E-02
  0.95282027E-03
  0.59647623E-03
  0.36843681E-03
  0.91818839E-03
  0.31831051E-02
  0.31258949E-02
  0.33517824E-02
  0.31690632E-02
  0.31555167E-02
  0.28402456E-02
  0.22209355E-02
  0.12596741E-02
  0.22544460E-02
  0.63428250E-02
  0.15584833E-01
  0.28316859E-01
  0.36426477E-01
  0.50078589E-01
  0.53475069E-01
  0.57948828E-01
  0.57096157E-01
  0.60582170E-01
  0.55283750E-01
  0.54482598E-01
  0.36618616E-01
  0.22398261E-01
  0.91047622E-02
  0.36411928E-02
  0.19747085E-02
  0.15110177E-02
  0.15741562E-02
  0.16473966E-02
  0.14457139E-02
  0.16959688E-02
  0.11435314E-02
  0.11246692E-02
  0.85050638E-03
  0.39935062E-02
  0.47683201E-02
  0.48791692E-02
  0.48564627E-02
  0.50472192E-02
  0.48008581E-02
  0.39319801E-02
  0.22484711E-02
  0.34682417E-02
  0.13311412E-01
  0.23333103E-01
  0.32196593E-01
  0.30071242E-01
  0.35218163E-01
  0.40551717E-01
  0.40454373E-01
  0.35589273E-01
  0.39624251E-01
  0.23405720E-01
  0.81863454E-02
  0.29521514E-02
  0.20579959E-02
  0.24725603E-02
  0.25889222E-02
  0.24283927E-02
  0.25960682E-02
  0.20524246E-02
  0.21068369E-02
  0.18678650E-02
  0.61886664E-02
  0.99718492E-02
  0.94948176E-02
  0.91319239E-02
  0.97525523E-02
  0.78722023E-02
  0.52443623E-02
  0.25121731E-02
  0.59967132E-02
  0.11834622E-01
  0.13285226E-01
  0.15746658E-01
  0.18100853E-01
  0.18897756E-01
  0.17244334E-01
  0.15857811E-01
  0.57035071E-02
  0.32104831E-02
  0.47557746E-02
  0.67288899E-02
  0.48135296E-02
  0.46006973E-02
  0.36775064E-02
  0.32434042E-02
  0.33034990E-02
  0.12977294E-01
  0.21704085E-01
  0.20703412E-01
  0.17779192E-01
  0.19590426E-01
  0.12585072E-01
  0.51611424E-02
  0.17041436E-02
  0.25121592E-02
  0.43298446E-02
  0.54367468E-02
  0.54291090E-02
  0.30274694E-02
  0.29026888E-02
  0.86942751E-02
  0.19638136E-01
  0.16506269E-01
  0.21265842E-01
  0.94773208E-02
  0.91274360E-02
  0.55008769E-02
  0.26089430E-01
  0.32778305E-01
  0.33813982E-01
  0.25386786E-01
  0.15161270E-01
  0.54920721E-02
  0.41975242E-02
  0.49178038E-02
  0.47366112E-02
  0.33561031E-02
  0.40810358E-02
  0.73778141E-02
  0.24220506E-01
  0.40414625E-01
  0.30087587E-01
  0.29806634E-01
  0.13568660E-01
  0.36277726E-01
  0.38752243E-01
  0.29376114E-01
  0.12513211E-01
  0.67794769E-02
  0.66422916E-02
  0.50343866E-02
  0.34436983E-02
  0.59599104E-02
  0.18582326E-01
  0.34495662E-01
  0.33529546E-01
  0.23740712E-01
  0.39975754E-01
  0.14666750E-01
  0.43736486E-02
  0.41654897E-02
  0.31348984E-02
  0.36999280E-02
  0.59275362E-02
  0.21751625E-01
  0.40592367E-01
  0.26289477E-02
  0.22841171E-02
  0.22048051E-02
  0.23069338E-02
  0.34293488E-02
  0.49526879E-02
  0.12360236E-01
  0.13149675E-02
  0.12108454E-02
  0.13458441E-02
  0.17676233E-02
  0.25447303E-02
  0.36542401E-02
  0.45036782E-02
  0.21367236E-02
  0.44457336E-03
  0.80187602E-03
  0.12483371E-02
  0.18070826E-02
  0.24391180E-02
  0.30284555E-02
  0.23776736E-02
  0.57770204E-03
  0.44359428E-03
  0.87961628E-03
  0.13230678E-02
  0.17724366E-02
  0.21886665E-02
  0.22530390E-02
  0.69258264E-03
  0.28094133E-03
  0.67729502E-03
  0.10546367E-02
  0.14206043E-02
  0.17623569E-02
  0.20642046E-02
  0.67259003E-03
  0.30694683E-03
  0.69650362E-03
  0.10008025E-02
  0.12697393E-02
  0.15830809E-02
  0.18949623E-02
  0.61089718E-03
  0.29169485E-03
  0.67535070E-03
  0.99709785E-03
  0.12794212E-02
  0.15769315E-02
  0.17666802E-02
  0.54574247E-03
  0.26807226E-03
  0.64306897E-03
  0.98487458E-03
  0.13041496E-02
  0.16281512E-02
  0.16710124E-02
  0.48961246E-03
  0.24599351E-03
  0.61142405E-03
  0.96788529E-03
  0.13201553E-02
  0.16639569E-02
  0.15915210E-02
  0.44424127E-03
  0.23323755E-03
  0.59009829E-03
  0.94519118E-03
  0.13241635E-02
  0.17016904E-02
  0.15127345E-02
  0.41435320E-03
  0.23279844E-03
  0.58424883E-03
  0.93117705E-03
  0.12774604E-02
  0.18227519E-02
  0.13998998E-02
  0.41936207E-03
  0.23967079E-03
  0.60419808E-03
  0.91973098E-03
  0.12381071E-02
  0.17413535E-02
  0.14634471E-02
  0.34768318E-03
  0.33232456E-03
  0.71456600E-03
  0.10781801E-02
  0.13444781E-02
  0.15888790E-02
  0.15434462E-02
  0.18197989E-03
  0.41309723E-03
  0.78880881E-03
  0.12098975E-02
  0.14454813E-02
  0.16344810E-02
  0.30068128E-01
  0.73349826E-02
  0.34634875E-02
  0.47709374E-02
  0.50844335E-02
  0.45539653E-02
  0.37161269E-02
  0.30813526E-02
  0.28820320E-02
  0.32292633E-02
  0.38679517E-02
  0.45705109E-02
  0.47724322E-02
  0.37270331E-02
  0.43094486E-02
  0.90364966E-02
  0.37737386E-01
  0.86595899E-02
  0.25209600E-01
  0.10777831E-01
  0.64778593E-02
  0.30852155E-02
  0.46167961E-02
  0.49612891E-02
  0.44487540E-02
  0.35684362E-02
  0.28096608E-02
  0.25574279E-02
  0.30055992E-02
  0.37435681E-02
  0.44567233E-02
  0.46665423E-02
  0.36502145E-02
  0.38274684E-02
  0.81334614E-02
  0.13453202E-01
  0.24796563E-01
  0.11438871E-01
  0.48388054E-02
  0.10005974E-01
  0.82725206E-02
  0.17522335E-01
  0.66818581E-02
  0.40921857E-02
  0.27543470E-02
  0.46577082E-02
  0.49191736E-02
  0.43504656E-02
  0.34368758E-02
  0.21644618E-02
  0.16497829E-02
  0.26408171E-02
  0.36309754E-02
  0.44252580E-02
  0.47962563E-02
  0.39581982E-02
  0.25864435E-02
  0.52928102E-02
  0.82507910E-02
  0.17111965E-01
  0.99206084E-02
  0.54111004E-02
  0.41417729E-02
  0.34541309E-02
  0.56769912E-02
  0.40641053E-02
  0.62031241E-02
  0.46360465E-02
  0.45378698E-02
  0.31496444E-02
  0.15965607E-02
  0.44199516E-02
  0.49918228E-02
  0.53765679E-02
  0.44919573E-02
  0.34728688E-02
  0.17341838E-02
  0.10771459E-02
  0.23995437E-02
  0.37010969E-02
  0.47257915E-02
  0.52410357E-02
  0.50350592E-02
  0.33885888E-02
  0.21656145E-02
  0.39759107E-02
  0.48821226E-02
  0.44648119E-02
  0.38267564E-02
  0.35725541E-02
  0.33021398E-02
  0.26388324E-02
  0.27465657E-02
  0.40180342E-02
  0.30451000E-02
  0.36935497E-02
  0.28142203E-02
  0.24616413E-02
  0.18727130E-02
  0.17071590E-02
  0.42107461E-02
  0.78477338E-02
  0.94802217E-02
  0.10595764E-01
  0.65743673E-02
  0.54538819E-02
  0.43992250E-02
  0.24237012E-02
  0.12876990E-02
  0.38869334E-02
  0.49386935E-02
  0.60143616E-02
  0.78212204E-02
  0.96942718E-02
  0.90876708E-02
  0.59680717E-02
  0.36207887E-02
  0.24552221E-02
  0.24739738E-02
  0.24343485E-02
  0.23781898E-02
  0.24491877E-02
  0.25107145E-02
  0.23912779E-02
  0.19069647E-02
  0.22680966E-02
  0.30792447E-02
  0.25132361E-02
  0.31414752E-02
  0.20768883E-02
  0.19090879E-02
  0.14652970E-02
  0.14602661E-02
  0.25256440E-02
  0.47643949E-02
  0.10648863E-01
  0.19218426E-01
  0.15715404E-01
  0.16458982E-01
  0.11230252E-01
  0.85508390E-02
  0.38424092E-02
  0.64495618E-02
  0.12080076E-01
  0.13001796E-01
  0.15845924E-01
  0.19513827E-01
  0.14514256E-01
  0.62380665E-02
  0.41385500E-02
  0.28962431E-02
  0.23207242E-02
  0.20540171E-02
  0.19415782E-02
  0.17954743E-02
  0.18044380E-02
  0.18327566E-02
  0.16923986E-02
  0.14239360E-02
  0.18582349E-02
  0.26654505E-02
  0.21298542E-02
  0.25723104E-02
  0.16836922E-02
  0.16351113E-02
  0.13419149E-02
  0.13121029E-02
  0.18791681E-02
  0.32404906E-02
  0.53718177E-02
  0.10624477E-01
  0.14319678E-01
  0.22916761E-01
  0.23216845E-01
  0.22458165E-01
  0.58838157E-02
  0.16983756E-01
  0.28514295E-01
  0.23089517E-01
  0.16551873E-01
  0.11075191E-01
  0.63841727E-02
  0.39111709E-02
  0.29805408E-02
  0.24773032E-02
  0.21676068E-02
  0.19895465E-02
  0.18118292E-02
  0.15557608E-02
  0.13498581E-02
  0.14535978E-02
  0.13407299E-02
  0.15781788E-02
  0.14865718E-02
  0.21533790E-02
  0.17644418E-02
  0.21162598E-02
  0.14289618E-02
  0.14265013E-02
  0.12627852E-02
  0.12745306E-02
  0.16490271E-02
  0.24824100E-02
  0.39892533E-02
  0.64861144E-02
  0.81976566E-02
  0.13768180E-01
  0.18495754E-01
  0.23839824E-01
  0.80980730E-02
  0.20994933E-01
  0.24810548E-01
  0.13324419E-01
  0.69508264E-02
  0.58341234E-02
  0.44546230E-02
  0.30648198E-02
  0.25796198E-02
  0.23739174E-02
  0.22111373E-02
  0.20398579E-02
  0.18064246E-02
  0.15020283E-02
  0.13678943E-02
  0.19305446E-02
  0.19685765E-02
  0.26901628E-02
  0.11518180E-02
  0.16779638E-02
  0.14308480E-02
  0.16619692E-02
  0.12355383E-02
  0.12744499E-02
  0.11971658E-02
  0.12404327E-02
  0.15281861E-02
  0.20877555E-02
  0.31979471E-02
  0.51038326E-02
  0.61267932E-02
  0.79860784E-02
  0.11044230E-01
  0.15091409E-01
  0.59884386E-02
  0.90253825E-02
  0.10692482E-01
  0.74097286E-02
  0.46564427E-02
  0.38997874E-02
  0.31683406E-02
  0.25689422E-02
  0.24372758E-02
  0.23866475E-02
  0.22861042E-02
  0.21589180E-02
  0.20020525E-02
  0.18055423E-02
  0.23905145E-02
  0.36371632E-02
  0.35242226E-02
  0.42923542E-02
  0.89617308E-03
  0.12676014E-02
  0.11429570E-02
  0.12434696E-02
  0.10838626E-02
  0.11608487E-02
  0.11823558E-02
  0.12566443E-02
  0.14561839E-02
  0.18307735E-02
  0.26890377E-02
  0.40375988E-02
  0.49157099E-02
  0.65436818E-02
  0.83444223E-02
  0.95219999E-02
  0.47993312E-02
  0.62424707E-02
  0.65396277E-02
  0.49098196E-02
  0.32021886E-02
  0.26209223E-02
  0.24469114E-02
  0.22865023E-02
  0.23408015E-02
  0.23879015E-02
  0.23637837E-02
  0.23610183E-02
  0.24508794E-02
  0.25779646E-02
  0.40106823E-02
  0.57843952E-02
  0.53411505E-02
  0.52616101E-02
  0.86221718E-03
  0.10005153E-02
  0.95842658E-03
  0.92538462E-03
  0.98073331E-03
  0.10917428E-02
  0.11900276E-02
  0.12908632E-02
  0.14519483E-02
  0.16964801E-02
  0.22790473E-02
  0.32086700E-02
  0.38113562E-02
  0.54676827E-02
  0.68438824E-02
  0.64204383E-02
  0.51662192E-02
  0.43983168E-02
  0.45539664E-02
  0.31459459E-02
  0.19934907E-02
  0.17903468E-02
  0.19812017E-02
  0.20950316E-02
  0.22515990E-02
  0.23702317E-02
  0.24431472E-02
  0.26508458E-02
  0.31301509E-02
  0.36872937E-02
  0.55273057E-02
  0.78076913E-02
  0.80397580E-02
  0.85766668E-02
  0.12281179E-02
  0.10411421E-02
  0.10528626E-02
  0.84020113E-03
  0.94272839E-03
  0.10915894E-02
  0.12274260E-02
  0.13300110E-02
  0.14503473E-02
  0.15955059E-02
  0.19634952E-02
  0.26366414E-02
  0.30000560E-02
  0.45661490E-02
  0.55255763E-02
  0.49250667E-02
  0.45805406E-02
  0.26374906E-02
  0.25937728E-02
  0.17903941E-02
  0.13860334E-02
  0.14780369E-02
  0.17835423E-02
  0.19815668E-02
  0.21676223E-02
  0.23391102E-02
  0.25549701E-02
  0.31249079E-02
  0.42021674E-02
  0.51447635E-02
  0.89985927E-02
  0.16042125E-01
  0.16547381E-01
  0.16810491E-01
  0.35888903E-02
  0.33628086E-02
  0.19712049E-02
  0.12792593E-02
  0.99913263E-03
  0.11626738E-02
  0.12885081E-02
  0.13731220E-02
  0.14485953E-02
  0.15086011E-02
  0.16959948E-02
  0.21184255E-02
  0.23380624E-02
  0.35988964E-02
  0.45031917E-02
  0.40999393E-02
  0.38905056E-02
  0.16639388E-02
  0.17777156E-02
  0.14795201E-02
  0.14456666E-02
  0.15547091E-02
  0.17922242E-02
  0.19379292E-02
  0.21186073E-02
  0.23889110E-02
  0.28755455E-02
  0.41606647E-02
  0.60662319E-02
  0.98252721E-02
  0.21193682E-01
  0.32069678E-01
  0.34443481E-01
  0.21901123E-01
  0.10835096E-03
  0.39125477E-03
  0.71851573E-03
  0.11848106E-02
  0.12927674E-02
  0.13834497E-02
  0.14430086E-02
  0.14387709E-02
  0.14837327E-02
  0.16719033E-02
  0.17579259E-02
  0.26524058E-02
  0.34223241E-02
  0.31463607E-02
  0.30980518E-02
  0.17524333E-02
  0.20221161E-02
  0.18752797E-02
  0.18287870E-02
  0.18455233E-02
  0.19662675E-02
  0.19787429E-02
  0.22323574E-02
  0.27433727E-02
  0.38092423E-02
  0.74105341E-02
  0.14792600E-01
  0.16918439E-01
  0.17942063E-01
  0.14234485E-01
  0.90968735E-03
  0.61844343E-03
  0.38051688E-03
  0.96701395E-03
  0.13007903E-02
  0.13755813E-02
  0.13543649E-02
  0.13473619E-02
  0.13214031E-02
  0.18010528E-02
  0.24397189E-02
  0.22723314E-02
  0.23368146E-02
  0.23382335E-02
  0.26758462E-02
  0.25929983E-02
  0.26204821E-02
  0.26109593E-02
  0.24234816E-02
  0.22894541E-02
  0.26524232E-02
  0.38676388E-02
  0.56378696E-02
  0.75381674E-02
  0.85160685E-02
  0.90007959E-02
  0.14259493E-02
  0.86411885E-03
  0.73521767E-03
  0.10243323E-02
  0.12567309E-02
  0.12465196E-02
  0.11469204E-02
  0.12159674E-02
  0.16844776E-02
  0.15797709E-02
  0.16642658E-02
  0.32451002E-02
  0.37263163E-02
  0.36775111E-02
  0.39053878E-02
  0.45246184E-02
  0.43737061E-02
  0.28245236E-02
  0.13868657E-02
  0.11521214E-02
  0.20945669E-02
  0.24638986E-02
  0.30127098E-02
  0.12122236E-02
  0.10967862E-02
  0.12769548E-02
  0.14169220E-02
  0.12651474E-02
  0.14441573E-02
  0.13169553E-02
  0.12130256E-02
  0.46911986E-02
  0.86793678E-02
  0.97929449E-02
  0.10985360E-01
  0.70012860E-02
  0.37189092E-02
  0.22430899E-02
  0.28425323E-02
  0.29986373E-02
  0.53914278E-02
  0.15308668E-02
  0.13185801E-02
  0.19147534E-02
  0.21158132E-02
  0.17354968E-02
  0.13404761E-02
  0.12063725E-01
  0.24582957E-01
  0.17550755E-01
  0.71421811E-02
  0.23885171E-02
  0.30840303E-02
  0.33140675E-02
  0.75356996E-02
  0.22177057E-02
  0.21915294E-02
  0.34768419E-02
  0.34083737E-02
  0.23681320E-01
  0.96384872E-02
  0.26004169E-02
  0.23572269E-02
  0.26553678E-02
  0.10172824E-01
  0.32271272E-02
  0.37921808E-02
  0.12486391E-01
  0.30294112E-02
  0.22306332E-02
  0.16150179E-02
  0.14289787E-02
  0.12579932E-01
  0.34584694E-02
  0.48016405E-02
  0.13121984E-01
  0.18859262E-02
  0.16196627E-02
  0.14171350E-02
  0.13231438E-02
  0.13307789E-01
  0.34434846E-02
  0.48631396E-02
  0.13690872E-01
  0.12027380E-02
  0.11785606E-02
  0.11593096E-02
  0.11405164E-02
  0.13731731E-01
  0.37020315E-02
  0.48626815E-02
  0.13927699E-01
  0.79757691E-03
  0.89016513E-03
  0.94850108E-03
  0.96307769E-03
  0.13984101E-01
  0.42643754E-02
  0.49213625E-02
  0.13865687E-01
  0.60673219E-03
  0.73468010E-03
  0.81630094E-03
  0.84285736E-03
  0.13914325E-01
  0.47318031E-02
  0.48709148E-02
  0.13498948E-01
  0.57291839E-03
  0.69012467E-03
  0.77076839E-03
  0.79784146E-03
  0.13593320E-01
  0.47032983E-02
  0.46108869E-02
  0.12855193E-01
  0.69334040E-03
  0.75895535E-03
  0.81723589E-03
  0.83502969E-03
  0.13069965E-01
  0.45804314E-02
  0.43019626E-02
  0.11973227E-01
  0.10266308E-02
  0.97021347E-03
  0.96818243E-03
  0.95643685E-03
  0.12264225E-01
  0.42800648E-02
  0.38666046E-02
  0.10867676E-01
  0.16968830E-02
  0.13853660E-02
  0.12392055E-02
  0.11635168E-02
  0.10330466E-01
  0.36816460E-02
  0.29574427E-02
  0.92254181E-02
  0.28552460E-02
  0.21322312E-02
  0.16173362E-02
  0.14953194E-02
  0.80915389E-02
  0.26784953E-02
  0.19580612E-02
  0.53334609E-02
  0.66237629E-02
  0.37408676E-02
  0.34281639E-02
  0.37784726E-02
  0.61803269E-02
  0.17343854E-02
  0.12874514E-02
  0.21970351E-02
  0.24311701E-02
  0.39891406E-01
  0.13979493E-01
  0.68066226E-02
  0.65502244E-02
  0.36818257E-02
  0.40615794E-02
  0.13446557E-02
  0.10185744E-02
  0.11677714E-02
  0.12582780E-02
  0.81236176E-03
  0.62435585E-03
  0.15631608E-01
  0.31720443E-01
  0.22971355E-01
  0.98701215E-02
  0.46659519E-02
  0.72797265E-02
  0.82703753E-02
  0.23166117E-02
  0.95306647E-03
  0.88914701E-03
  0.94445294E-03
  0.76700071E-03
  0.59802401E-03
  0.52972805E-03
  0.51690883E-03
  0.75791414E-03
  0.73601084E-02
  0.20193454E-01
  0.17690255E-01
  0.29939018E-01
  0.14368084E-01
  0.59653091E-02
  0.27114782E-02
  0.42305814E-02
  0.69952343E-02
  0.16950687E-02
  0.60351972E-03
  0.64396744E-03
  0.68406404E-03
  0.70166128E-03
  0.64906145E-03
  0.48624138E-03
  0.65889484E-03
  0.10999475E-02
  0.11642500E-02
  0.14590046E-02
  0.38573738E-02
  0.63482392E-02
  0.59068914E-02
  0.12173705E-01
  0.90878090E-02
  0.10354725E-01
  0.51462906E-02
  0.18065951E-02
  0.33316491E-02
  0.45869981E-02
  0.54590098E-02
  0.11969101E-02
  0.45309216E-03
  0.28590510E-03
  0.36279784E-03
  0.49724895E-03
  0.63489304E-03
  0.68904881E-03
  0.71290541E-03
  0.77812492E-03
  0.13878003E-02
  0.20706644E-02
  0.19628579E-02
  0.22485242E-02
  0.24279211E-02
  0.30813841E-02
  0.31281026E-02
  0.37161075E-02
  0.36457472E-02
  0.38908161E-02
  0.32575282E-02
  0.22367023E-02
  0.66214912E-02
  0.14590867E-01
  0.12312864E-01
  0.13034078E-01
  0.15164741E-01
  0.11993702E-02
  0.79096120E-03
  0.42663640E-03
  0.36816477E-03
  0.41459656E-03
  0.55877028E-03
  0.68435956E-03
  0.74161632E-03
  0.82355431E-03
  0.10283101E-02
  0.12964233E-02
  0.21917157E-02
  0.31094209E-02
  0.28034672E-02
  0.30674485E-02
  0.15474829E-02
  0.23122463E-02
  0.20816092E-02
  0.25979386E-02
  0.20561223E-02
  0.20156660E-02
  0.18139244E-02
  0.19896577E-02
  0.34210942E-02
  0.60417021E-02
  0.17010806E-01
  0.33586160E-01
  0.29704898E-01
  0.34750058E-01
  0.34219919E-01
  0.63230775E-03
  0.11270640E-02
  0.49392363E-03
  0.40628078E-03
  0.43482679E-03
  0.50761078E-03
  0.61305895E-03
  0.69754597E-03
  0.75367874E-03
  0.81987912E-03
  0.10287247E-02
  0.14362946E-02
  0.18746452E-02
  0.30240420E-02
  0.41751192E-02
  0.36587165E-02
  0.38957411E-02
  0.81418198E-03
  0.13796796E-02
  0.13193087E-02
  0.18458659E-02
  0.14757057E-02
  0.17118198E-02
  0.16908475E-02
  0.17912366E-02
  0.23142547E-02
  0.35329913E-02
  0.61486953E-02
  0.14303420E-01
  0.23719359E-01
  0.38285455E-01
  0.41790238E-01
  0.52892165E-01
  0.41001684E-01
  0.48078739E-03
  0.49974451E-03
  0.46660549E-03
  0.49754453E-03
  0.56562516E-03
  0.64656697E-03
  0.68161886E-03
  0.71868550E-03
  0.76777209E-03
  0.89541168E-03
  0.12749664E-02
  0.18861130E-02
  0.24806994E-02
  0.38676153E-02
  0.52488032E-02
  0.45174221E-02
  0.47231823E-02
  0.39704437E-03
  0.51035166E-03
  0.65379002E-03
  0.11310961E-02
  0.12728348E-02
  0.15284592E-02
  0.16408662E-02
  0.17671656E-02
  0.20606649E-02
  0.25629196E-02
  0.37411013E-02
  0.60694186E-02
  0.85973887E-02
  0.18768276E-01
  0.29096053E-01
  0.36059734E-01
  0.17974690E-01
  0.54886819E-03
  0.65652306E-03
  0.64499992E-03
  0.65225658E-03
  0.70335027E-03
  0.73859580E-03
  0.70909590E-03
  0.71412963E-03
  0.76548517E-03
  0.97843423E-03
  0.15539565E-02
  0.23602499E-02
  0.30995312E-02
  0.47106925E-02
  0.63147908E-02
  0.54297821E-02
  0.50689183E-02
  0.16852745E-02
  0.86414596E-03
  0.75942248E-03
  0.83743244E-03
  0.11826845E-02
  0.14643414E-02
  0.16648297E-02
  0.18007074E-02
  0.19601841E-02
  0.21849949E-02
  0.28723781E-02
  0.43028169E-02
  0.52554900E-02
  0.72450310E-02
  0.12036542E-01
  0.18859248E-01
  0.88514093E-02
  0.79958141E-03
  0.95605346E-03
  0.90523913E-03
  0.84279529E-03
  0.85083717E-03
  0.84038783E-03
  0.74067950E-03
  0.70631174E-03
  0.75572564E-03
  0.10749037E-02
  0.18578259E-02
  0.28478128E-02
  0.37223346E-02
  0.54657163E-02
  0.69408882E-02
  0.59259533E-02
  0.57422573E-02
  0.32750066E-02
  0.26741382E-02
  0.25486159E-02
  0.19301814E-02
  0.13860298E-02
  0.16132872E-02
  0.17580361E-02
  0.18573174E-02
  0.19513447E-02
  0.20169740E-02
  0.22915050E-02
  0.29662385E-02
  0.33978259E-02
  0.52745435E-02
  0.71492184E-02
  0.76873052E-02
  0.53512318E-02
  0.11046242E-02
  0.13052517E-02
  0.11864003E-02
  0.10533295E-02
  0.10280234E-02
  0.95591506E-03
  0.78047918E-03
  0.69771257E-03
  0.74051002E-03
  0.11896955E-02
  0.21866754E-02
  0.33573636E-02
  0.44847658E-02
  0.62497525E-02
  0.81797123E-02
  0.73736948E-02
  0.63079575E-02
  0.47401680E-02
  0.45114671E-02
  0.45820781E-02
  0.36138871E-02
  0.20820443E-02
  0.20503633E-02
  0.19383943E-02
  0.19174244E-02
  0.19337804E-02
  0.18951392E-02
  0.19246498E-02
  0.21400305E-02
  0.22314970E-02
  0.37748444E-02
  0.48138649E-02
  0.46596911E-02
  0.45714425E-02
  0.14291460E-02
  0.16635523E-02
  0.14716626E-02
  0.12710168E-02
  0.12193242E-02
  0.10784659E-02
  0.82515302E-03
  0.68592333E-03
  0.72762841E-03
  0.13576352E-02
  0.26110021E-02
  0.40474292E-02
  0.52751893E-02
  0.74072261E-02
  0.98884508E-02
  0.91789749E-02
  0.74844400E-02
  0.53591180E-02
  0.70750480E-02
  0.68625183E-02
  0.51922946E-02
  0.31401736E-02
  0.27356983E-02
  0.22125740E-02
  0.19812898E-02
  0.19046852E-02
  0.17923736E-02
  0.16871349E-02
  0.15724569E-02
  0.13993862E-02
  0.21157141E-02
  0.28397048E-02
  0.29000336E-02
  0.32525555E-02
  0.17585617E-02
  0.20230011E-02
  0.17586638E-02
  0.14925011E-02
  0.14127287E-02
  0.12007657E-02
  0.87148763E-03
  0.67933053E-03
  0.77504979E-03
  0.16295783E-02
  0.31869191E-02
  0.50590624E-02
  0.62176363E-02
  0.93562237E-02
  0.13197570E-01
  0.11338733E-01
  0.10929184E-01
  0.80223411E-02
  0.16968589E-01
  0.10925143E-01
  0.68009883E-02
  0.47870873E-02
  0.38366147E-02
  0.26451395E-02
  0.20641980E-02
  0.18642437E-02
  0.17068488E-02
  0.15699399E-02
  0.13481810E-02
  0.10974198E-02
  0.90416248E-03
  0.10607851E-02
  0.11857377E-02
  0.17950047E-02
  0.20903675E-02
  0.23805636E-02
  0.20523542E-02
  0.17244805E-02
  0.16150781E-02
  0.13280678E-02
  0.93529067E-03
  0.70671653E-03
  0.87586710E-03
  0.20163848E-02
  0.40539476E-02
  0.61430666E-02
  0.78637411E-02
  0.12730515E-01
  0.17833800E-01
  0.13833733E-01
  0.11955716E-01
  0.16660678E-01
  0.36226023E-01
  0.25901271E-01
  0.15919480E-01
  0.69692735E-02
  0.54454237E-02
  0.33523941E-02
  0.22948133E-02
  0.18787690E-02
  0.16483805E-02
  0.15444730E-02
  0.13977512E-02
  0.11618750E-02
  0.10145284E-02
  0.64226685E-03
  0.51634060E-03
  0.58944547E-03
  0.24322088E-02
  0.27372379E-02
  0.23679008E-02
  0.20302449E-02
  0.18829188E-02
  0.15004304E-02
  0.10237358E-02
  0.71453390E-03
  0.10696471E-02
  0.27131122E-02
  0.53653596E-02
  0.82965503E-02
  0.10244657E-01
  0.16411625E-01
  0.23013768E-01
  0.28359794E-01
  0.24041686E-01
  0.47786013E-01
  0.41152627E-01
  0.37236213E-01
  0.19173459E-01
  0.11187255E-01
  0.48487561E-02
  0.29027580E-02
  0.20307581E-02
  0.16635749E-02
  0.16129318E-02
  0.15959902E-02
  0.13867241E-02
  0.16717768E-02
  0.11849934E-02
  0.12208999E-02
  0.73222196E-03
  0.28069003E-02
  0.27904935E-02
  0.27004862E-02
  0.23984604E-02
  0.22521890E-02
  0.17315315E-02
  0.11992932E-02
  0.76401991E-03
  0.13684867E-02
  0.37860510E-02
  0.67693454E-02
  0.10822168E-01
  0.11879762E-01
  0.15869278E-01
  0.18114830E-01
  0.25748089E-01
  0.26077417E-01
  0.29593626E-01
  0.14121363E-01
  0.46256565E-02
  0.26830472E-02
  0.17630199E-02
  0.17086343E-02
  0.19441058E-02
  0.19106730E-02
  0.24052487E-02
  0.18648018E-02
  0.20744372E-02
  0.13967622E-02
  0.32995475E-02
  0.38694341E-02
  0.32896031E-02
  0.29466394E-02
  0.27628689E-02
  0.22507888E-02
  0.15578703E-02
  0.88338828E-03
  0.17269071E-02
  0.37817043E-02
  0.51200321E-02
  0.65680949E-02
  0.92788059E-02
  0.10184270E-01
  0.99124198E-02
  0.10590898E-01
  0.51171485E-02
  0.21889725E-02
  0.25787497E-02
  0.30211758E-02
  0.31219461E-02
  0.32894605E-02
  0.28110629E-02
  0.28037116E-02
  0.22054074E-02
  0.37552889E-02
  0.53395040E-02
  0.40748949E-02
  0.37223803E-02
  0.37935205E-02
  0.28000329E-02
  0.16325326E-02
  0.22106739E-02
  0.30676832E-02
  0.31836367E-02
  0.33172097E-02
  0.33844502E-02
  0.22565535E-02
  0.23009562E-02
  0.47927907E-02
  0.93955609E-02
  0.59379558E-02
  0.81090963E-02
  0.43954238E-02
  0.50911824E-02
  0.32687092E-02
  0.48895207E-02
  0.88163240E-02
  0.70782179E-02
  0.59182676E-02
  0.30451801E-02
  0.33530858E-02
  0.47306494E-02
  0.52744066E-02
  0.51653279E-02
  0.42650320E-02
  0.31044302E-02
  0.53324487E-02
  0.12041019E-01
  0.25939656E-01
  0.13190741E-01
  0.14643948E-01
  0.54169365E-02
  0.81387424E-02
  0.15028522E-01
  0.60151783E-02
  0.39522061E-02
  0.61292677E-02
  0.63785817E-02
  0.54630883E-02
  0.40651510E-02
  0.31687625E-02
  0.83843502E-02
  0.20896141E-01
  0.29762799E-01
  0.10906928E-01
  0.62117913E-02
  0.33623294E-02
  0.49511931E-02
  0.48326358E-02
  0.39244531E-02
  0.26934099E-02
  0.32230743E-02
  0.86368660E-02
  0.25285618E-01
  0.27062429E-02
  0.29334479E-02
  0.30483518E-02
  0.20259266E-02
  0.16854399E-02
  0.26813970E-02
  0.39259210E-02
  0.40455286E-02
  0.20253439E-02
  0.15362966E-02
  0.80469748E-03
  0.13521523E-02
  0.19663387E-02
  0.25235078E-02
  0.42780007E-02
  0.21729947E-02
  0.86055800E-03
  0.53306528E-03
  0.98861504E-03
  0.14039082E-02
  0.18072055E-02
  0.41976773E-02
  0.23021862E-02
  0.75722377E-03
  0.31065232E-03
  0.71882661E-03
  0.10785386E-02
  0.14129476E-02
  0.40425952E-02
  0.23469955E-02
  0.78461220E-03
  0.27014068E-03
  0.59485992E-03
  0.89140153E-03
  0.12043520E-02
  0.39674918E-02
  0.23657273E-02
  0.81183991E-03
  0.32737704E-03
  0.62578818E-03
  0.83910969E-03
  0.10978733E-02
  0.40220062E-02
  0.23886412E-02
  0.80517675E-03
  0.33269461E-03
  0.61888465E-03
  0.80295759E-03
  0.10684037E-02
  0.42256435E-02
  0.24081594E-02
  0.75632305E-03
  0.27034935E-03
  0.56808828E-03
  0.86925214E-03
  0.11486463E-02
  0.45612034E-02
  0.23543552E-02
  0.66887295E-03
  0.42754346E-03
  0.80557464E-03
  0.11409964E-02
  0.14543452E-02
  0.51164248E-02
  0.20919973E-02
  0.77281688E-03
  0.85363639E-03
  0.12565204E-02
  0.16949821E-02
  0.22300574E-02
  0.55176196E-02
  0.21185266E-02
  0.15558974E-02
  0.17913065E-02
  0.18892791E-02
  0.25942670E-02
  0.34987786E-02
  0.57871453E-02
  0.32062567E-02
  0.67327978E-02
  0.45303123E-02
  0.40396946E-02
  0.38512150E-02
  0.77864489E-02
  0.21901794E-01
  0.21410440E-01
  0.19836267E-01
  0.16731079E-01
  0.13369399E-01
  0.16087342E-01
  0.32020657E-01
  0.51122638E-02
  0.50130325E-02
  0.13801441E-01
  0.27787503E-01
  0.42890152E-01
  0.17778522E-01
  0.33736461E-01
  0.33411708E-01
  0.29396290E-01
  0.22687182E-01
  0.17923227E-01
  0.15002228E-01
  0.41479764E-01
  0.18392073E-01
  0.53638857E-02
  0.38042988E-02
  0.37631559E-02
  0.37599791E-02
  0.54015670E-02
  0.42350399E-02
  0.52872092E-02
  0.81154845E-02
  0.15035157E-01
  0.19212690E-01
  0.64412927E-02
  0.11725971E-01
  0.15788983E-01
  0.14366243E-01
  0.99837274E-02
  0.38159053E-02
  0.70005802E-02
  0.16731823E-01
  0.80015345E-02
  0.34926412E-02
  0.30712012E-02
  0.31872233E-02
  0.26046278E-02
  0.23251742E-02
  0.30908353E-02
  0.37166351E-02
  0.31474020E-02
  0.34335124E-02
  0.29120129E-02
  0.31561472E-02
  0.36297139E-02
  0.32460412E-02
  0.27001283E-02
  0.10008580E-01
  0.99823015E-02
  0.93022778E-02
  0.75953077E-02
  0.10497916E-01
  0.16644417E-01
  0.11480429E-01
  0.42942247E-02
  0.35367456E-02
  0.25995413E-02
  0.18664046E-02
  0.18354537E-02
  0.18620654E-02
  0.18946602E-02
  0.16429084E-02
  0.14424831E-02
  0.26182453E-02
  0.30700160E-02
  0.26438297E-02
  0.30741503E-02
  0.19979685E-02
  0.15155581E-02
  0.10009915E-02
  0.11913696E-02
  0.19378675E-02
  0.56417917E-02
  0.20136233E-01
  0.39384105E-01
  0.35872922E-01
  0.36436965E-01
  0.33570538E-01
  0.34409481E-01
  0.43384545E-01
  0.35796631E-01
  0.12122571E-01
  0.41646944E-02
  0.22625038E-02
  0.14653602E-02
  0.12586594E-02
  0.12862247E-02
  0.12173047E-02
  0.12810706E-02
  0.11329024E-02
  0.89394993E-03
  0.77011417E-03
  0.22716189E-02
  0.27800626E-02
  0.22851746E-02
  0.26339296E-02
  0.16287888E-02
  0.13247879E-02
  0.78335277E-03
  0.43575911E-03
  0.13763574E-02
  0.33466641E-02
  0.63199290E-02
  0.14631729E-01
  0.31377253E-01
  0.53339806E-01
  0.56009308E-01
  0.61960884E-01
  0.60166233E-01
  0.60920140E-01
  0.56868816E-01
  0.46236979E-01
  0.22590673E-01
  0.75342868E-02
  0.33935726E-02
  0.21955935E-02
  0.16223919E-02
  0.13422456E-02
  0.12430474E-02
  0.11721268E-02
  0.98253729E-03
  0.76465073E-03
  0.61211393E-03
  0.45660952E-03
  0.81100421E-03
  0.19616327E-02
  0.23901991E-02
  0.19741044E-02
  0.22884837E-02
  0.13754585E-02
  0.11778422E-02
  0.74476244E-03
  0.43634714E-03
  0.11063552E-02
  0.25291013E-02
  0.44799794E-02
  0.69594205E-02
  0.96247604E-02
  0.24075389E-01
  0.35206310E-01
  0.41806276E-01
  0.37905315E-01
  0.55266682E-01
  0.54883868E-01
  0.25877583E-01
  0.80761303E-02
  0.54932799E-02
  0.40813214E-02
  0.25560998E-02
  0.18724150E-02
  0.15686552E-02
  0.14017173E-02
  0.12858730E-02
  0.11422716E-02
  0.94298888E-03
  0.88386315E-03
  0.13646099E-02
  0.15996623E-02
  0.22426438E-02
  0.16730515E-02
  0.20235314E-02
  0.16969826E-02
  0.19569762E-02
  0.11879562E-02
  0.10417912E-02
  0.69191613E-03
  0.42831075E-03
  0.85911295E-03
  0.19833996E-02
  0.35790969E-02
  0.55916716E-02
  0.66909255E-02
  0.87051644E-02
  0.13116472E-01
  0.23958645E-01
  0.11922593E-01
  0.14415724E-01
  0.12301805E-01
  0.71212768E-02
  0.43845474E-02
  0.35896699E-02
  0.27579429E-02
  0.19609779E-02
  0.16718566E-02
  0.15583436E-02
  0.14687099E-02
  0.14131531E-02
  0.13889243E-02
  0.14135563E-02
  0.22298800E-02
  0.33743261E-02
  0.33080416E-02
  0.38952382E-02
  0.13937898E-02
  0.16622827E-02
  0.14366387E-02
  0.16362011E-02
  0.10163534E-02
  0.91981544E-03
  0.63697699E-03
  0.41540021E-03
  0.70894370E-03
  0.16119778E-02
  0.29783127E-02
  0.46298641E-02
  0.56943339E-02
  0.72200688E-02
  0.87762650E-02
  0.10377042E-01
  0.49706269E-02
  0.56803189E-02
  0.61514640E-02
  0.45202014E-02
  0.29611390E-02
  0.23014257E-02
  0.19094294E-02
  0.15750398E-02
  0.15304705E-02
  0.15461382E-02
  0.15563509E-02
  0.16712503E-02
  0.19645737E-02
  0.23736694E-02
  0.38634962E-02
  0.54985861E-02
  0.51496745E-02
  0.48264977E-02
  0.11257523E-02
  0.13011002E-02
  0.11859473E-02
  0.13155673E-02
  0.85458934E-03
  0.79866107E-03
  0.58329889E-03
  0.41668404E-03
  0.60950849E-03
  0.13446123E-02
  0.25219332E-02
  0.38341938E-02
  0.47946015E-02
  0.62780531E-02
  0.77460617E-02
  0.77231423E-02
  0.54391164E-02
  0.38622682E-02
  0.40474531E-02
  0.26945111E-02
  0.16229680E-02
  0.12623858E-02
  0.13084473E-02
  0.13279659E-02
  0.14233691E-02
  0.15308515E-02
  0.16680132E-02
  0.20523176E-02
  0.27491347E-02
  0.35218147E-02
  0.53171250E-02
  0.70261437E-02
  0.69387365E-02
  0.66767367E-02
  0.89426317E-03
  0.94565057E-03
  0.95427501E-03
  0.99436367E-03
  0.70707347E-03
  0.68203252E-03
  0.53171423E-03
  0.42204425E-03
  0.58012920E-03
  0.11521307E-02
  0.21301329E-02
  0.31774066E-02
  0.40233307E-02
  0.55109520E-02
  0.66480944E-02
  0.60939454E-02
  0.49567365E-02
  0.20036226E-02
  0.18293451E-02
  0.97764580E-03
  0.70531945E-03
  0.84564312E-03
  0.10782259E-02
  0.12140324E-02
  0.13443061E-02
  0.15093035E-02
  0.18133515E-02
  0.25744391E-02
  0.37550273E-02
  0.49226429E-02
  0.75759877E-02
  0.11725796E-01
  0.13878914E-01
  0.17369959E-01
  0.77447997E-03
  0.68901893E-03
  0.79211033E-03
  0.69113375E-03
  0.59151137E-03
  0.58151883E-03
  0.49385903E-03
  0.43338934E-03
  0.56297605E-03
  0.99224381E-03
  0.17945333E-02
  0.26945277E-02
  0.33137763E-02
  0.47693207E-02
  0.55838353E-02
  0.48137764E-02
  0.45445027E-02
  0.65378643E-03
  0.56322919E-03
  0.63517887E-03
  0.76233119E-03
  0.99390104E-03
  0.11357155E-02
  0.11941770E-02
  0.12849691E-02
  0.15176386E-02
  0.21195427E-02
  0.35393607E-02
  0.53815984E-02
  0.73530571E-02
  0.16147089E-01
  0.29361526E-01
  0.33348552E-01
  0.31264956E-01
  0.68908976E-03
  0.71144407E-03
  0.81213078E-03
  0.53382539E-03
  0.52259607E-03
  0.50869851E-03
  0.47813908E-03
  0.45460709E-03
  0.54915674E-03
  0.84485085E-03
  0.14704850E-02
  0.22251533E-02
  0.27567404E-02
  0.40472248E-02
  0.49335070E-02
  0.44523855E-02
  0.40506939E-02
  0.87607209E-03
  0.10547865E-02
  0.12150822E-02
  0.12029620E-02
  0.13173624E-02
  0.13097465E-02
  0.12289429E-02
  0.13004639E-02
  0.17154086E-02
  0.28969815E-02
  0.53549387E-02
  0.10425568E-01
  0.19002006E-01
  0.37037340E-01
  0.51588091E-01
  0.45317200E-01
  0.32607478E-01
  0.17988648E-02
  0.83325956E-03
  0.86694210E-03
  0.49814282E-03
  0.49493277E-03
  0.45385745E-03
  0.45904139E-03
  0.47324710E-03
  0.53621064E-03
  0.70896809E-03
  0.11549931E-02
  0.17602835E-02
  0.22045623E-02
  0.33077973E-02
  0.40890445E-02
  0.37225948E-02
  0.34562123E-02
  0.15221427E-02
  0.18014852E-02
  0.19637057E-02
  0.18736897E-02
  0.19182062E-02
  0.16391463E-02
  0.13830443E-02
  0.13808628E-02
  0.22703717E-02
  0.47635265E-02
  0.12941246E-01
  0.26739867E-01
  0.35944979E-01
  0.49059161E-01
  0.53423994E-01
  0.50595876E-01
  0.39370445E-01
  0.11383989E-02
  0.56098740E-03
  0.58081609E-03
  0.47400815E-03
  0.40209278E-03
  0.44355821E-03
  0.51692310E-03
  0.59624450E-03
  0.85460477E-03
  0.13004587E-02
  0.16612016E-02
  0.25688821E-02
  0.32503860E-02
  0.29967329E-02
  0.28542836E-02
  0.24178637E-02
  0.25706784E-02
  0.29908669E-02
  0.29875737E-02
  0.31635444E-02
  0.29102257E-02
  0.25906285E-02
  0.16677982E-02
  0.37732050E-02
  0.12919326E-01
  0.25036617E-01
  0.33703605E-01
  0.27814215E-01
  0.24913436E-01
  0.22714895E-01
  0.16593175E-02
  0.98491224E-03
  0.78416700E-03
  0.66302508E-03
  0.58287751E-03
  0.58347861E-03
  0.64913178E-03
  0.86428438E-03
  0.11246464E-02
  0.18317369E-02
  0.24294879E-02
  0.22836065E-02
  0.22613379E-02
  0.37110346E-02
  0.46060987E-02
  0.48791111E-02
  0.52349330E-02
  0.68464355E-02
  0.65502222E-02
  0.49504846E-02
  0.23570819E-02
  0.71402520E-02
  0.12165293E-01
  0.10611615E-01
  0.77159893E-02
  0.56980336E-02
  0.27551044E-02
  0.15715553E-02
  0.10197732E-02
  0.94056484E-03
  0.83031562E-03
  0.70305995E-03
  0.65530363E-03
  0.10756695E-02
  0.16211453E-02
  0.15900698E-02
  0.16897431E-02
  0.70848229E-02
  0.14073101E-01
  0.15106151E-01
  0.15123889E-01
  0.18095107E-01
  0.12897456E-01
  0.61517401E-02
  0.21798172E-02
  0.34855917E-02
  0.48691265E-02
  0.74010608E-02
  0.50312411E-02
  0.23609018E-02
  0.11620607E-02
  0.10443777E-02
  0.99673007E-03
  0.59718661E-03
  0.81286680E-03
  0.88495111E-03
  0.11570866E-02
  0.20146582E-01
  0.29737264E-01
  0.31508428E-01
  0.24939501E-01
  0.15606691E-01
  0.57443604E-02
  0.51705024E-02
  0.68204288E-02
  0.76557959E-02
  0.77423727E-02
  0.39302515E-02
  0.11721780E-02
  0.15902195E-02
  0.13163925E-02
  0.66352585E-03
  0.84322564E-03
  0.33314273E-01
  0.36357076E-01
  0.29254995E-01
  0.12760879E-01
  0.74984529E-02
  0.93750839E-02
  0.71712003E-02
  0.13210315E-01
  0.65016372E-02
  0.13310308E-02
  0.28758753E-02
  0.24382855E-02
  0.38959910E-01
  0.15031772E-01
  0.51974001E-02
  0.84442264E-02
  0.10611348E-01
  0.24869332E-01
  0.11527277E-01
  0.29725142E-02
  0.15006596E-01
  0.37876365E-02
  0.24710291E-02
  0.34200842E-02
  0.41501219E-02
  0.32587286E-01
  0.15363468E-01
  0.37915619E-02
  0.19737984E-01
  0.22943730E-02
  0.14229846E-02
  0.16180385E-02
  0.23526150E-02
  0.36033951E-01
  0.16906581E-01
  0.40180441E-02
  0.21683064E-01
  0.14522854E-02
  0.79329896E-03
  0.65844705E-03
  0.88365300E-03
  0.37340771E-01
  0.17497623E-01
  0.41591411E-02
  0.22406268E-01
  0.10386305E-02
  0.40375513E-03
  0.33600108E-03
  0.32556277E-03
  0.37155723E-01
  0.17324764E-01
  0.42298450E-02
  0.22320141E-01
  0.88079551E-03
  0.21665344E-03
  0.19324398E-03
  0.21420007E-03
  0.35414393E-01
  0.16362187E-01
  0.41783155E-02
  0.21352555E-01
  0.80290350E-03
  0.14381160E-03
  0.17632153E-03
  0.20340288E-03
  0.32051382E-01
  0.14413760E-01
  0.39927225E-02
  0.19463097E-01
  0.72144622E-03
  0.18203089E-03
  0.27506352E-03
  0.30006742E-03
  0.27715196E-01
  0.12619026E-01
  0.38506912E-02
  0.16930776E-01
  0.90110474E-03
  0.49626555E-03
  0.49319187E-03
  0.51436549E-03
  0.23026450E-01
  0.10744478E-01
  0.34491469E-02
  0.13918274E-01
  0.16886386E-02
  0.10606357E-02
  0.84067959E-03
  0.13929175E-02
  0.17030263E-01
  0.77269684E-02
  0.25843724E-02
  0.10171772E-01
  0.28357310E-02
  0.19064724E-02
  0.24961893E-02
  0.30664852E-02
  0.10549242E-01
  0.51167819E-02
  0.18519280E-02
  0.51517958E-02
  0.81525765E-02
  0.61792833E-02
  0.61183577E-02
  0.67726056E-02
  0.68264400E-02
  0.31142794E-02
  0.12017513E-02
  0.21815830E-02
  0.19973560E-02
  0.39199932E-01
  0.16241105E-01
  0.10462113E-01
  0.11694280E-01
  0.11473469E-01
  0.47515236E-02
  0.20124834E-02
  0.73442024E-03
  0.11106397E-02
  0.11332586E-02
  0.67058643E-03
  0.45746681E-03
  0.21267979E-01
  0.34601094E-01
  0.24576945E-01
  0.11208598E-01
  0.65260474E-02
  0.10579095E-01
  0.11908874E-01
  0.25073608E-02
  0.14499454E-02
  0.84420995E-03
  0.73419707E-03
  0.70223634E-03
  0.41451553E-03
  0.24073662E-03
  0.49726161E-03
  0.95519584E-03
  0.11595389E-01
  0.29901216E-01
  0.24224448E-01
  0.33704988E-01
  0.15443197E-01
  0.51120311E-02
  0.39387492E-02
  0.51135793E-02
  0.58955898E-02
  0.10331124E-02
  0.10301013E-02
  0.67186335E-03
  0.81880511E-03
  0.94638729E-03
  0.90577982E-03
  0.74653924E-03
  0.99472225E-03
  0.15388712E-02
  0.15556674E-02
  0.19253689E-02
  0.50977254E-02
  0.12013723E-01
  0.10212610E-01
  0.21871820E-01
  0.14417475E-01
  0.11523765E-01
  0.41901044E-02
  0.38371418E-02
  0.69083473E-02
  0.76914467E-02
  0.82745641E-02
  0.47194416E-03
  0.69662425E-03
  0.67006388E-03
  0.93235708E-03
  0.10827910E-02
  0.11079692E-02
  0.11112395E-02
  0.11566041E-02
  0.12716219E-02
  0.19851998E-02
  0.28071178E-02
  0.25612146E-02
  0.28863235E-02
  0.30729994E-02
  0.37189986E-02
  0.37974357E-02
  0.57136272E-02
  0.50825677E-02
  0.58749521E-02
  0.32060289E-02
  0.42625272E-02
  0.18086759E-01
  0.22989505E-01
  0.21128011E-01
  0.19188335E-01
  0.17210331E-01
  0.32137665E-02
  0.22170835E-02
  0.12998429E-02
  0.12320875E-02
  0.10904000E-02
  0.10989704E-02
  0.11318369E-02
  0.11597826E-02
  0.13021265E-02
  0.15910484E-02
  0.19222806E-02
  0.29525350E-02
  0.40469941E-02
  0.35572544E-02
  0.38478610E-02
  0.17603755E-02
  0.23054321E-02
  0.23565317E-02
  0.26834910E-02
  0.24435018E-02
  0.22071789E-02
  0.16628631E-02
  0.29950756E-02
  0.70582575E-02
  0.20197032E-01
  0.36380210E-01
  0.44794151E-01
  0.42560987E-01
  0.46552634E-01
  0.48917662E-01
  0.24874886E-02
  0.32199547E-02
  0.19100288E-02
  0.11275729E-02
  0.88642946E-03
  0.91676851E-03
  0.92466135E-03
  0.98957489E-03
  0.10799006E-02
  0.12192361E-02
  0.15600336E-02
  0.20795063E-02
  0.25947955E-02
  0.39159206E-02
  0.52837991E-02
  0.45536681E-02
  0.48033274E-02
  0.82448801E-03
  0.12603839E-02
  0.13344942E-02
  0.17759359E-02
  0.14466737E-02
  0.16854744E-02
  0.17763577E-02
  0.23177102E-02
  0.40501939E-02
  0.69300066E-02
  0.18068617E-01
  0.38980464E-01
  0.42772040E-01
  0.55212720E-01
  0.57116766E-01
  0.62418402E-01
  0.59886924E-01
  0.12749363E-02
  0.11751638E-02
  0.65908287E-03
  0.48222593E-03
  0.55464142E-03
  0.69928178E-03
  0.78564977E-03
  0.88312700E-03
  0.10335918E-02
  0.12989032E-02
  0.18512186E-02
  0.25919385E-02
  0.32804705E-02
  0.48720571E-02
  0.64964355E-02
  0.56311978E-02
  0.51200400E-02
  0.39809043E-03
  0.22877841E-03
  0.51828489E-03
  0.10176137E-02
  0.12536158E-02
  0.15039388E-02
  0.17051765E-02
  0.20106822E-02
  0.27494959E-02
  0.39179515E-02
  0.66476999E-02
  0.14054365E-01
  0.26105475E-01
  0.49262902E-01
  0.52665916E-01
  0.45011811E-01
  0.41345029E-01
  0.41251041E-03
  0.33678100E-03
  0.39585779E-03
  0.45999460E-03
  0.60620229E-03
  0.68815390E-03
  0.73051856E-03
  0.80939860E-03
  0.99568325E-03
  0.13938091E-02
  0.21678713E-02
  0.31250707E-02
  0.39832380E-02
  0.56731558E-02
  0.71489024E-02
  0.64346168E-02
  0.59710049E-02
  0.21149731E-02
  0.12223651E-02
  0.10267822E-02
  0.96241541E-03
  0.12389625E-02
  0.15115815E-02
  0.17524110E-02
  0.19744348E-02
  0.23431104E-02
  0.28775419E-02
  0.40526848E-02
  0.60279373E-02
  0.83765666E-02
  0.19053061E-01
  0.31271041E-01
  0.39281396E-01
  0.27762436E-01
  0.54548186E-03
  0.66422955E-03
  0.72768799E-03
  0.70013230E-03
  0.79056122E-03
  0.79104270E-03
  0.73977401E-03
  0.76285784E-03
  0.96462518E-03
  0.15175833E-02
  0.25412347E-02
  0.37505985E-02
  0.48928990E-02
  0.66832556E-02
  0.89017577E-02
  0.86898522E-02
  0.72591236E-02
  0.38882957E-02
  0.33156306E-02
  0.32110627E-02
  0.24935160E-02
  0.16524162E-02
  0.18122293E-02
  0.19212561E-02
  0.20314340E-02
  0.22010098E-02
  0.24116414E-02
  0.30273722E-02
  0.42008269E-02
  0.50351027E-02
  0.68316602E-02
  0.11327561E-01
  0.18396244E-01
  0.93310588E-02
  0.92290128E-03
  0.11481520E-02
  0.11143486E-02
  0.99247576E-03
  0.10157264E-02
  0.93847525E-03
  0.78351909E-03
  0.73644562E-03
  0.96705687E-03
  0.17296816E-02
  0.30606478E-02
  0.46767696E-02
  0.58792410E-02
  0.89255496E-02
  0.12938065E-01
  0.12227891E-01
  0.13563859E-01
  0.52913976E-02
  0.51296289E-02
  0.53541448E-02
  0.43621243E-02
  0.25930770E-02
  0.24321839E-02
  0.21971147E-02
  0.21165347E-02
  0.21418856E-02
  0.21506211E-02
  0.23467343E-02
  0.28496356E-02
  0.31900366E-02
  0.49702155E-02
  0.64200135E-02
  0.63483462E-02
  0.55183226E-02
  0.13716611E-02
  0.16313794E-02
  0.15097648E-02
  0.13014961E-02
  0.12667916E-02
  0.10992233E-02
  0.84374255E-03
  0.73968699E-03
  0.10627935E-02
  0.21195003E-02
  0.39482243E-02
  0.59822521E-02
  0.78987768E-02
  0.14147383E-01
  0.22266574E-01
  0.21762234E-01
  0.24419734E-01
  0.60030984E-02
  0.12077150E-01
  0.86924412E-02
  0.59581276E-02
  0.39646404E-02
  0.32927782E-02
  0.25738861E-02
  0.22072943E-02
  0.20834436E-02
  0.19551951E-02
  0.18945629E-02
  0.19178591E-02
  0.19043367E-02
  0.31303349E-02
  0.40266201E-02
  0.40108763E-02
  0.41928472E-02
  0.18265538E-02
  0.21081414E-02
  0.19254658E-02
  0.16368167E-02
  0.15600843E-02
  0.12724771E-02
  0.92529144E-03
  0.80349007E-03
  0.13038164E-02
  0.28955269E-02
  0.55111489E-02
  0.94384275E-02
  0.13803347E-01
  0.25406060E-01
  0.39070237E-01
  0.37460052E-01
  0.32294512E-01
  0.18974587E-01
  0.37219800E-01
  0.20451449E-01
  0.10647827E-01
  0.58997018E-02
  0.48853878E-02
  0.32518726E-02
  0.23703906E-02
  0.20346033E-02
  0.18097456E-02
  0.16426258E-02
  0.14090426E-02
  0.11730128E-02
  0.12834985E-02
  0.17082269E-02
  0.19380126E-02
  0.25847587E-02
  0.23104241E-02
  0.25890654E-02
  0.24027777E-02
  0.21082399E-02
  0.19932598E-02
  0.15403462E-02
  0.10950398E-02
  0.87265029E-03
  0.17539568E-02
  0.43917371E-02
  0.97700361E-02
  0.17768986E-01
  0.25284377E-01
  0.40203075E-01
  0.51825951E-01
  0.44345165E-01
  0.31695122E-01
  0.34776646E-01
  0.42116289E-01
  0.44966828E-01
  0.38548950E-01
  0.14517506E-01
  0.77048650E-02
  0.43456316E-02
  0.27880439E-02
  0.21533100E-02
  0.17508866E-02
  0.15718009E-02
  0.13714126E-02
  0.11074705E-02
  0.81295148E-03
  0.36622793E-03
  0.29685466E-04
  0.88101985E-03
  0.28853372E-02
  0.28638742E-02
  0.30096661E-02
  0.28310879E-02
  0.27939983E-02
  0.22240541E-02
  0.15599238E-02
  0.96044013E-03
  0.32206173E-02
  0.78773120E-02
  0.17437935E-01
  0.30096440E-01
  0.35137162E-01
  0.46556511E-01
  0.52278442E-01
  0.53533933E-01
  0.50316625E-01
  0.58151569E-01
  0.54131208E-01
  0.53172499E-01
  0.36584074E-01
  0.24898703E-01
  0.10349109E-01
  0.39894327E-02
  0.24166993E-02
  0.17562836E-02
  0.16336078E-02
  0.15967741E-02
  0.13090462E-02
  0.15590769E-02
  0.10866792E-02
  0.96416218E-03
  0.55999163E-03
  0.36742288E-02
  0.45616748E-02
  0.41715476E-02
  0.42127218E-02
  0.46344401E-02
  0.39010261E-02
  0.29400833E-02
  0.12108568E-02
  0.52585639E-02
  0.15010609E-01
  0.24264101E-01
  0.30682828E-01
  0.28101055E-01
  0.30284933E-01
  0.33567615E-01
  0.36786089E-01
  0.34870027E-01
  0.38950436E-01
  0.25215420E-01
  0.10720852E-01
  0.38087829E-02
  0.20289065E-02
  0.18577668E-02
  0.21100438E-02
  0.21728592E-02
  0.24667853E-02
  0.20220903E-02
  0.19898673E-02
  0.14541433E-02
  0.53425315E-02
  0.91197056E-02
  0.86262162E-02
  0.82150353E-02
  0.88887006E-02
  0.71428399E-02
  0.43065045E-02
  0.15184747E-02
  0.73250219E-02
  0.10760571E-01
  0.10476199E-01
  0.11646322E-01
  0.13591719E-01
  0.15153071E-01
  0.15562015E-01
  0.15441396E-01
  0.71717631E-02
  0.23903505E-02
  0.42665216E-02
  0.56031801E-02
  0.43439630E-02
  0.40210796E-02
  0.33599727E-02
  0.29240037E-02
  0.25878984E-02
  0.11377171E-01
  0.19324274E-01
  0.17919262E-01
  0.15988913E-01
  0.16292611E-01
  0.98412393E-02
  0.46627515E-02
  0.28981917E-02
  0.36769094E-02
  0.39140054E-02
  0.40657562E-02
  0.43238030E-02
  0.29644691E-02
  0.28281210E-02
  0.72343335E-02
  0.15334330E-01
  0.12095712E-01
  0.17866256E-01
  0.78206705E-02
  0.80436525E-02
  0.43215120E-02
  0.21197711E-01
  0.30172441E-01
  0.28228972E-01
  0.19633095E-01
  0.10190262E-01
  0.59903994E-02
  0.90598042E-02
  0.10718175E-01
  0.10494114E-01
  0.78768574E-02
  0.41193313E-02
  0.79805917E-02
  0.19155851E-01
  0.35091206E-01
  0.23150963E-01
  0.27797073E-01
  0.90737035E-02
  0.30453852E-01
  0.34938601E-01
  0.20784044E-01
  0.13090266E-01
  0.14525019E-01
  0.14695931E-01
  0.12232391E-01
  0.84649938E-02
  0.50522510E-02
  0.14785269E-01
  0.29554267E-01
  0.31561779E-01
  0.18532255E-01
  0.29157611E-01
  0.12755184E-01
  0.86360810E-02
  0.83884067E-02
  0.69221519E-02
  0.55632726E-02
  0.45678646E-02
  0.16733432E-01
  0.37643684E-01
  0.38310468E-02
  0.30102725E-02
  0.38410961E-02
  0.33146357E-02
  0.22588645E-02
  0.30142856E-02
  0.61358720E-02
  0.44388056E-02
  0.20383454E-02
  0.19052026E-02
  0.11675046E-02
  0.14075550E-02
  0.20395287E-02
  0.26709301E-02
  0.43915925E-02
  0.21398398E-02
  0.99072929E-03
  0.56785187E-03
  0.98150485E-03
  0.13892142E-02
  0.18118606E-02
  0.41568538E-02
  0.22433277E-02
  0.80409346E-03
  0.30779992E-03
  0.67794915E-03
  0.10023633E-02
  0.13019682E-02
  0.38649073E-02
  0.22465521E-02
  0.81493885E-03
  0.15769338E-03
  0.49939147E-03
  0.80948124E-03
  0.10958456E-02
  0.36291331E-02
  0.22107672E-02
  0.86238141E-03
  0.18666424E-03
  0.49373879E-03
  0.73313759E-03
  0.10302015E-02
  0.34645631E-02
  0.21705689E-02
  0.90258822E-03
  0.15616416E-03
  0.47954494E-03
  0.75958909E-03
  0.10537399E-02
  0.33587165E-02
  0.21359940E-02
  0.93115711E-03
  0.11129760E-03
  0.45315784E-03
  0.77105488E-03
  0.10947527E-02
  0.32849803E-02
  0.21065638E-02
  0.95137620E-03
  0.72101539E-04
  0.42724426E-03
  0.77513873E-03
  0.11174532E-02
  0.32118033E-02
  0.20791102E-02
  0.96943381E-03
  0.53961658E-04
  0.40939670E-03
  0.77492483E-03
  0.11397452E-02
  0.31058311E-02
  0.20700535E-02
  0.99029171E-03
  0.44916412E-04
  0.39924434E-03
  0.75280202E-03
  0.12164580E-02
  0.29040065E-02
  0.21536805E-02
  0.96116985E-03
  0.61959462E-04
  0.38878089E-03
  0.72973474E-03
  0.11627076E-02
  0.32628347E-02
  0.21037155E-02
  0.86851901E-03
  0.15605049E-03
  0.51484533E-03
  0.81404966E-03
  0.10606611E-02
  0.36880701E-02
  0.18717187E-02
  0.80504937E-03
  0.21771148E-03
  0.61235425E-03
  0.89466544E-03
  0.10592727E-02
  0.18508171E-01
  0.60092094E-02
  0.58279993E-02
  0.74751523E-02
  0.68859243E-02
  0.60955274E-02
  0.50035485E-02
  0.40618394E-02
  0.37934892E-02
  0.43286660E-02
  0.53358180E-02
  0.62495502E-02
  0.67345176E-02
  0.64766044E-02
  0.43232621E-02
  0.91556519E-02
  0.28602135E-01
  0.66179234E-02
  0.23135743E-01
  0.10582376E-01
  0.49939783E-02
  0.48710505E-02
  0.70635797E-02
  0.66634063E-02
  0.59551980E-02
  0.48286784E-02
  0.37097387E-02
  0.33713655E-02
  0.40552480E-02
  0.52019556E-02
  0.61336254E-02
  0.64831825E-02
  0.60289072E-02
  0.35747360E-02
  0.69070505E-02
  0.13888315E-01
  0.19386263E-01
  0.11334880E-01
  0.44239940E-02
  0.11513381E-01
  0.78723002E-02
  0.15449232E-01
  0.69315032E-02
  0.33564719E-02
  0.48698566E-02
  0.63402731E-02
  0.65027361E-02
  0.58700113E-02
  0.45963332E-02
  0.28347727E-02
  0.21907441E-02
  0.35436808E-02
  0.50151044E-02
  0.59601968E-02
  0.62742069E-02
  0.56339409E-02
  0.34649706E-02
  0.42662397E-02
  0.80844440E-02
  0.13654461E-01
  0.93862670E-02
  0.66111272E-02
  0.42183111E-02
  0.32390689E-02
  0.64610759E-02
  0.43943897E-02
  0.74395834E-02
  0.51590603E-02
  0.46377098E-02
  0.30170662E-02
  0.19443381E-02
  0.55379449E-02
  0.57856677E-02
  0.66670319E-02
  0.55900869E-02
  0.42645676E-02
  0.18873298E-02
  0.99172607E-03
  0.29072699E-02
  0.45030135E-02
  0.58685006E-02
  0.63423939E-02
  0.57543647E-02
  0.41580884E-02
  0.22705610E-02
  0.39731828E-02
  0.51156178E-02
  0.53029724E-02
  0.45342646E-02
  0.35989549E-02
  0.32795772E-02
  0.32369198E-02
  0.34210222E-02
  0.45059538E-02
  0.31574549E-02
  0.43033638E-02
  0.30185125E-02
  0.33135040E-02
  0.27054714E-02
  0.27811640E-02
  0.40408811E-02
  0.66404281E-02
  0.97620637E-02
  0.10268895E-01
  0.70071799E-02
  0.54768400E-02
  0.44033738E-02
  0.20166773E-02
  0.82030213E-03
  0.38091140E-02
  0.49157392E-02
  0.62928310E-02
  0.81520616E-02
  0.90534103E-02
  0.80014310E-02
  0.52404130E-02
  0.47514412E-02
  0.43594530E-02
  0.42527095E-02
  0.38264082E-02
  0.29803907E-02
  0.29484476E-02
  0.26041920E-02
  0.25902600E-02
  0.22642556E-02
  0.27268453E-02
  0.32407450E-02
  0.25526161E-02
  0.35446880E-02
  0.23074544E-02
  0.28351536E-02
  0.27496958E-02
  0.29838526E-02
  0.39134850E-02
  0.49840917E-02
  0.96303961E-02
  0.16698968E-01
  0.15236223E-01
  0.15601032E-01
  0.11189868E-01
  0.86399681E-02
  0.38202278E-02
  0.60846125E-02
  0.12024239E-01
  0.12697640E-01
  0.14457060E-01
  0.17607617E-01
  0.12380839E-01
  0.63797803E-02
  0.58737388E-02
  0.50325764E-02
  0.44280447E-02
  0.38576117E-02
  0.33570340E-02
  0.27435407E-02
  0.23040019E-02
  0.18780808E-02
  0.18309500E-02
  0.14429321E-02
  0.22507021E-02
  0.30453829E-02
  0.22412637E-02
  0.28899109E-02
  0.21431447E-02
  0.24825711E-02
  0.24607375E-02
  0.26105731E-02
  0.31435439E-02
  0.40300271E-02
  0.52727097E-02
  0.10392718E-01
  0.13732617E-01
  0.20497347E-01
  0.22176152E-01
  0.21344571E-01
  0.56612896E-02
  0.16055352E-01
  0.26192448E-01
  0.21360903E-01
  0.14708920E-01
  0.10761428E-01
  0.72448876E-02
  0.53014065E-02
  0.48743964E-02
  0.43983424E-02
  0.39819705E-02
  0.36188975E-02
  0.31930290E-02
  0.25763238E-02
  0.18643901E-02
  0.14819793E-02
  0.13801525E-02
  0.10892218E-02
  0.17942817E-02
  0.24591751E-02
  0.18434317E-02
  0.24648627E-02
  0.20018492E-02
  0.22409948E-02
  0.23051151E-02
  0.24284303E-02
  0.27650037E-02
  0.33179237E-02
  0.42261373E-02
  0.66074972E-02
  0.76958807E-02
  0.13176594E-01
  0.18741496E-01
  0.21331086E-01
  0.63684521E-02
  0.20532063E-01
  0.23291612E-01
  0.12894721E-01
  0.66537060E-02
  0.60537250E-02
  0.54241254E-02
  0.45611365E-02
  0.42930662E-02
  0.41218067E-02
  0.39141728E-02
  0.36364712E-02
  0.32303237E-02
  0.26023006E-02
  0.19087766E-02
  0.18659748E-02
  0.17735425E-02
  0.19955233E-02
  0.13476047E-02
  0.19019845E-02
  0.14726852E-02
  0.20063941E-02
  0.18735877E-02
  0.21128399E-02
  0.22255523E-02
  0.23442092E-02
  0.25805497E-02
  0.29304991E-02
  0.36069399E-02
  0.52262762E-02
  0.58264202E-02
  0.75985697E-02
  0.10856300E-01
  0.14212903E-01
  0.58012341E-02
  0.88355072E-02
  0.99835817E-02
  0.71555545E-02
  0.45013098E-02
  0.43545430E-02
  0.42731525E-02
  0.40740735E-02
  0.40948016E-02
  0.40822583E-02
  0.39615987E-02
  0.37514807E-02
  0.34310995E-02
  0.28698854E-02
  0.27631153E-02
  0.34619594E-02
  0.32311272E-02
  0.36437006E-02
  0.91848446E-03
  0.13901411E-02
  0.11420333E-02
  0.16031881E-02
  0.17907524E-02
  0.20527507E-02
  0.22339696E-02
  0.23625730E-02
  0.25170633E-02
  0.27207300E-02
  0.32028711E-02
  0.42391298E-02
  0.46926358E-02
  0.63388127E-02
  0.82120261E-02
  0.87928343E-02
  0.44713322E-02
  0.60430986E-02
  0.63096610E-02
  0.47033203E-02
  0.32800021E-02
  0.33672944E-02
  0.36965593E-02
  0.38286971E-02
  0.39943140E-02
  0.40755851E-02
  0.40339084E-02
  0.39347747E-02
  0.38075584E-02
  0.34526694E-02
  0.42589444E-02
  0.56568133E-02
  0.50890747E-02
  0.48956008E-02
  0.62416389E-03
  0.99162203E-03
  0.95093239E-03
  0.13112743E-02
  0.17570780E-02
  0.20489830E-02
  0.22760378E-02
  0.24167702E-02
  0.25373163E-02
  0.26484259E-02
  0.29141620E-02
  0.35485795E-02
  0.36404134E-02
  0.52816883E-02
  0.65983500E-02
  0.58855849E-02
  0.45673016E-02
  0.39946129E-02
  0.40993034E-02
  0.29382568E-02
  0.23264298E-02
  0.27502559E-02
  0.33248291E-02
  0.36572309E-02
  0.39125449E-02
  0.40723506E-02
  0.41309905E-02
  0.42115797E-02
  0.44022160E-02
  0.43993081E-02
  0.57642063E-02
  0.77537507E-02
  0.79321636E-02
  0.91874333E-02
  0.82624581E-03
  0.86510497E-03
  0.11202154E-02
  0.12508717E-02
  0.17709751E-02
  0.21051024E-02
  0.23445082E-02
  0.24788075E-02
  0.25653705E-02
  0.26090096E-02
  0.27244062E-02
  0.30993280E-02
  0.30343068E-02
  0.44157611E-02
  0.53834091E-02
  0.46463895E-02
  0.39683298E-02
  0.21649919E-02
  0.23110548E-02
  0.17546329E-02
  0.18710002E-02
  0.24656129E-02
  0.31166445E-02
  0.35406268E-02
  0.38582926E-02
  0.41144321E-02
  0.43424932E-02
  0.47503930E-02
  0.54548823E-02
  0.56040245E-02
  0.95979439E-02
  0.16941445E-01
  0.15139465E-01
  0.16322526E-01
  0.35583656E-02
  0.33414054E-02
  0.21797636E-02
  0.15959732E-02
  0.17684643E-02
  0.21688205E-02
  0.24157014E-02
  0.25428806E-02
  0.25951516E-02
  0.25785812E-02
  0.25747665E-02
  0.27214177E-02
  0.25324743E-02
  0.34811060E-02
  0.42751940E-02
  0.36767871E-02
  0.32267789E-02
  0.11867160E-02
  0.17527879E-02
  0.15460332E-02
  0.18542847E-02
  0.24414573E-02
  0.30654908E-02
  0.35268809E-02
  0.39440072E-02
  0.44063384E-02
  0.49535180E-02
  0.60076966E-02
  0.74988683E-02
  0.10501541E-01
  0.20687690E-01
  0.31188137E-01
  0.30843116E-01
  0.18198188E-01
  0.21874777E-03
  0.42876952E-03
  0.11555802E-02
  0.19408184E-02
  0.23110065E-02
  0.25390713E-02
  0.26197201E-02
  0.25643788E-02
  0.24656228E-02
  0.24176658E-02
  0.21430457E-02
  0.26088257E-02
  0.32102754E-02
  0.27274479E-02
  0.24586716E-02
  0.13790061E-02
  0.20847065E-02
  0.18930624E-02
  0.21071079E-02
  0.26346453E-02
  0.32427633E-02
  0.37549049E-02
  0.44267055E-02
  0.53151764E-02
  0.58935429E-02
  0.85250345E-02
  0.14710803E-01
  0.15560332E-01
  0.15306571E-01
  0.10844876E-01
  0.10406932E-02
  0.45374775E-03
  0.89980096E-03
  0.18729638E-02
  0.24248148E-02
  0.25504198E-02
  0.24307011E-02
  0.22223578E-02
  0.18887699E-02
  0.18681981E-02
  0.22589046E-02
  0.18722263E-02
  0.17477926E-02
  0.21336613E-02
  0.27240682E-02
  0.24893715E-02
  0.27156876E-02
  0.28809878E-02
  0.34282618E-02
  0.41250316E-02
  0.51226011E-02
  0.58785067E-02
  0.58972937E-02
  0.60793773E-02
  0.67063078E-02
  0.70090188E-02
  0.14617042E-02
  0.13320474E-02
  0.17654828E-02
  0.22086654E-02
  0.24371713E-02
  0.22324053E-02
  0.18471058E-02
  0.14209029E-02
  0.15541266E-02
  0.12514637E-02
  0.11449235E-02
  0.32056895E-02
  0.37128644E-02
  0.34219047E-02
  0.38933003E-02
  0.45078912E-02
  0.41527297E-02
  0.28858972E-02
  0.14734711E-02
  0.25646027E-02
  0.34573034E-02
  0.34132528E-02
  0.26128588E-02
  0.23400962E-02
  0.29065167E-02
  0.28130141E-02
  0.23514146E-02
  0.15503326E-02
  0.13403467E-02
  0.11524364E-02
  0.83011941E-03
  0.46652681E-02
  0.84319234E-02
  0.86011298E-02
  0.89012985E-02
  0.68951613E-02
  0.31931432E-02
  0.39977468E-02
  0.51412881E-02
  0.52681561E-02
  0.46684869E-02
  0.33799562E-02
  0.41262455E-02
  0.31373473E-02
  0.21174979E-02
  0.17508898E-02
  0.11719426E-02
  0.10264136E-01
  0.19708600E-01
  0.14644675E-01
  0.64174004E-02
  0.42155679E-02
  0.54269983E-02
  0.55339727E-02
  0.65228917E-02
  0.35104656E-02
  0.31059622E-02
  0.45294976E-02
  0.27901862E-02
  0.19534603E-01
  0.74681599E-02
  0.32403057E-02
  0.43274132E-02
  0.45128228E-02
  0.91604366E-02
  0.36410852E-02
  0.43721861E-02
  0.11726850E-01
  0.35233237E-02
  0.22211799E-02
  0.24190144E-02
  0.24204393E-02
  0.12293921E-01
  0.30910868E-02
  0.51621259E-02
  0.13028902E-01
  0.19493440E-02
  0.15618303E-02
  0.14274338E-02
  0.13567723E-02
  0.13431650E-01
  0.24352306E-02
  0.54295076E-02
  0.14191131E-01
  0.11492693E-02
  0.12577243E-02
  0.12723501E-02
  0.12578007E-02
  0.13833636E-01
  0.24840742E-02
  0.55465799E-02
  0.14534317E-01
  0.83769184E-03
  0.10590794E-02
  0.11415629E-02
  0.11576005E-02
  0.14001965E-01
  0.33250496E-02
  0.57401956E-02
  0.14387859E-01
  0.72993140E-03
  0.95422480E-03
  0.10578940E-02
  0.10852746E-02
  0.13989965E-01
  0.42160282E-02
  0.58037335E-02
  0.13938851E-01
  0.71350849E-03
  0.92819934E-03
  0.10327980E-02
  0.10616182E-02
  0.13823505E-01
  0.43742128E-02
  0.54547010E-02
  0.13235455E-01
  0.78079913E-03
  0.98420364E-03
  0.10737252E-02
  0.10922813E-02
  0.13406358E-01
  0.44960591E-02
  0.49664896E-02
  0.12213361E-01
  0.99815214E-03
  0.11391573E-02
  0.11817589E-02
  0.11634571E-02
  0.12463267E-01
  0.44769127E-02
  0.42253215E-02
  0.10727517E-01
  0.15582160E-02
  0.14627775E-02
  0.13540336E-02
  0.12495908E-02
  0.10097396E-01
  0.42457813E-02
  0.30865008E-02
  0.83874755E-02
  0.28878781E-02
  0.20286581E-02
  0.18666065E-02
  0.22733397E-02
  0.76857472E-02
  0.37435704E-02
  0.19961969E-02
  0.45451246E-02
  0.10063867E-01
  0.64089577E-02
  0.56834986E-02
  0.61263757E-02
  0.58344149E-02
  0.33772926E-02
  0.27233190E-02
  0.25772148E-02
  0.16150479E-02
  0.27606005E-01
  0.13862616E-01
  0.14131989E-01
  0.12651280E-01
  0.58914623E-02
  0.36445620E-02
  0.25365480E-02
  0.29292565E-02
  0.22460201E-02
  0.15313698E-02
  0.90783323E-03
  0.46518552E-03
  0.10493339E-01
  0.31430146E-01
  0.17412216E-01
  0.95762705E-02
  0.10656511E-01
  0.14166660E-01
  0.14345115E-01
  0.19088044E-02
  0.16104313E-02
  0.21257410E-02
  0.20524442E-02
  0.14041625E-02
  0.86283927E-03
  0.65572858E-03
  0.55184724E-03
  0.58718527E-03
  0.59092880E-02
  0.20579841E-01
  0.14652963E-01
  0.26769536E-01
  0.12380089E-01
  0.52414528E-02
  0.62415632E-02
  0.78213090E-02
  0.12537383E-01
  0.13926210E-02
  0.94954096E-03
  0.13987443E-02
  0.12831658E-02
  0.11927552E-02
  0.10497279E-02
  0.78534893E-03
  0.74966460E-03
  0.10325201E-02
  0.10597224E-02
  0.12575553E-02
  0.34844727E-02
  0.76123601E-02
  0.61166333E-02
  0.12967076E-01
  0.94353007E-02
  0.93445883E-02
  0.45123661E-02
  0.23867004E-02
  0.44144684E-02
  0.77373787E-02
  0.10307784E-01
  0.14111914E-02
  0.93707302E-03
  0.56576159E-03
  0.45064739E-03
  0.67277300E-03
  0.91961758E-03
  0.99024053E-03
  0.95921524E-03
  0.88842554E-03
  0.13446688E-02
  0.19701159E-02
  0.18678086E-02
  0.20668958E-02
  0.27217863E-02
  0.35165684E-02
  0.31069559E-02
  0.44630382E-02
  0.38765099E-02
  0.47033944E-02
  0.37162865E-02
  0.37013550E-02
  0.77407833E-02
  0.13114891E-01
  0.83955834E-02
  0.74604347E-02
  0.89614710E-02
  0.20588290E-02
  0.13810504E-02
  0.58288614E-03
  0.47283406E-03
  0.44339830E-03
  0.73619487E-03
  0.95208869E-03
  0.10256289E-02
  0.10661132E-02
  0.11790908E-02
  0.13207906E-02
  0.21569850E-02
  0.30537992E-02
  0.27427662E-02
  0.29110645E-02
  0.17342492E-02
  0.26201887E-02
  0.21853035E-02
  0.30310973E-02
  0.24939073E-02
  0.30851097E-02
  0.32842254E-02
  0.42165699E-02
  0.61948649E-02
  0.77534346E-02
  0.16896908E-01
  0.31476712E-01
  0.26451583E-01
  0.27683401E-01
  0.22744068E-01
  0.13985658E-02
  0.19160387E-02
  0.67471536E-03
  0.47873952E-03
  0.48473265E-03
  0.62626924E-03
  0.83991740E-03
  0.97134430E-03
  0.10377934E-02
  0.10848475E-02
  0.12280954E-02
  0.15466489E-02
  0.18924676E-02
  0.30253166E-02
  0.41740185E-02
  0.36346945E-02
  0.37653349E-02
  0.89755282E-03
  0.15445886E-02
  0.13777250E-02
  0.21507595E-02
  0.21194148E-02
  0.25500113E-02
  0.28390930E-02
  0.32401774E-02
  0.40567949E-02
  0.49510131E-02
  0.71251165E-02
  0.16054667E-01
  0.24273921E-01
  0.34852480E-01
  0.38859678E-01
  0.47136788E-01
  0.26763661E-01
  0.60565035E-03
  0.53757505E-03
  0.49898784E-03
  0.55166663E-03
  0.70618365E-03
  0.85119264E-03
  0.92987165E-03
  0.98645263E-03
  0.10397570E-02
  0.11430861E-02
  0.14499806E-02
  0.19892485E-02
  0.25201411E-02
  0.39103250E-02
  0.53043730E-02
  0.45327555E-02
  0.46233947E-02
  0.32219408E-03
  0.61665556E-03
  0.71510920E-03
  0.14241843E-02
  0.18485566E-02
  0.22293525E-02
  0.25129943E-02
  0.27636718E-02
  0.31751675E-02
  0.37084469E-02
  0.46355255E-02
  0.67472203E-02
  0.89997613E-02
  0.19634710E-01
  0.31236751E-01
  0.33984274E-01
  0.11818973E-01
  0.59349296E-03
  0.70929416E-03
  0.70315981E-03
  0.69778696E-03
  0.82935214E-03
  0.91167077E-03
  0.92448335E-03
  0.95348690E-03
  0.10207950E-02
  0.12125534E-02
  0.17208574E-02
  0.24760184E-02
  0.31754117E-02
  0.48005189E-02
  0.64297138E-02
  0.55483995E-02
  0.48968515E-02
  0.14516504E-02
  0.90693919E-03
  0.11411522E-02
  0.12823984E-02
  0.17888348E-02
  0.21719884E-02
  0.24627335E-02
  0.26493950E-02
  0.28439213E-02
  0.30614555E-02
  0.36068026E-02
  0.48936164E-02
  0.54310185E-02
  0.71526405E-02
  0.12825877E-01
  0.18626313E-01
  0.82040536E-02
  0.85576241E-03
  0.96880968E-03
  0.91839347E-03
  0.84626942E-03
  0.93169512E-03
  0.96231351E-03
  0.90994130E-03
  0.90744272E-03
  0.99243063E-03
  0.13020794E-02
  0.20357226E-02
  0.29956913E-02
  0.38538140E-02
  0.55551165E-02
  0.68385917E-02
  0.60394393E-02
  0.57921964E-02
  0.29698053E-02
  0.26978552E-02
  0.28948317E-02
  0.23323289E-02
  0.20223151E-02
  0.23552973E-02
  0.25517997E-02
  0.26775694E-02
  0.27789647E-02
  0.28230214E-02
  0.29991774E-02
  0.35289135E-02
  0.36597062E-02
  0.53964719E-02
  0.73453324E-02
  0.76372957E-02
  0.45729189E-02
  0.11658987E-02
  0.12712752E-02
  0.11467966E-02
  0.10332297E-02
  0.10490691E-02
  0.10254251E-02
  0.89878326E-03
  0.85434645E-03
  0.96236966E-03
  0.14293645E-02
  0.24099692E-02
  0.35784405E-02
  0.47012873E-02
  0.64544923E-02
  0.84787697E-02
  0.75660313E-02
  0.64040930E-02
  0.42828973E-02
  0.45360767E-02
  0.49506705E-02
  0.39700711E-02
  0.26523937E-02
  0.27911374E-02
  0.27385868E-02
  0.27439942E-02
  0.27612721E-02
  0.27010766E-02
  0.26690791E-02
  0.27733555E-02
  0.26289081E-02
  0.39145901E-02
  0.49327624E-02
  0.44832287E-02
  0.40321315E-02
  0.14862846E-02
  0.15928404E-02
  0.13957558E-02
  0.12311674E-02
  0.11882958E-02
  0.10987000E-02
  0.89289876E-03
  0.80099852E-03
  0.96168358E-03
  0.16579407E-02
  0.29292846E-02
  0.43720290E-02
  0.55628474E-02
  0.77806821E-02
  0.10434367E-01
  0.93445045E-02
  0.77386018E-02
  0.46389900E-02
  0.74966730E-02
  0.73763599E-02
  0.55249981E-02
  0.36553882E-02
  0.34756102E-02
  0.30316989E-02
  0.28347086E-02
  0.27509765E-02
  0.26112364E-02
  0.24591007E-02
  0.22718594E-02
  0.19612202E-02
  0.23621620E-02
  0.29941213E-02
  0.27696246E-02
  0.28220649E-02
  0.18088791E-02
  0.19197477E-02
  0.16524943E-02
  0.14313383E-02
  0.13481490E-02
  0.11788587E-02
  0.89874603E-03
  0.78239207E-03
  0.10884475E-02
  0.20400145E-02
  0.36473495E-02
  0.55314082E-02
  0.65755434E-02
  0.96979399E-02
  0.14344116E-01
  0.11818919E-01
  0.11397345E-01
  0.81513735E-02
  0.18082386E-01
  0.12138431E-01
  0.71342636E-02
  0.53251673E-02
  0.46943822E-02
  0.35627067E-02
  0.30103320E-02
  0.27685045E-02
  0.25500260E-02
  0.23436385E-02
  0.20236073E-02
  0.16717767E-02
  0.12770450E-02
  0.13186209E-02
  0.11294490E-02
  0.14838852E-02
  0.21321633E-02
  0.22473494E-02
  0.19157020E-02
  0.16378127E-02
  0.15221887E-02
  0.12790929E-02
  0.94945690E-03
  0.85380837E-03
  0.13548343E-02
  0.26138488E-02
  0.47113542E-02
  0.66398528E-02
  0.88637088E-02
  0.13809097E-01
  0.19248873E-01
  0.13372858E-01
  0.11871518E-01
  0.11236713E-01
  0.34901818E-01
  0.29428430E-01
  0.18268341E-01
  0.79695527E-02
  0.65738140E-02
  0.45507050E-02
  0.35364573E-02
  0.29923234E-02
  0.25948016E-02
  0.23437818E-02
  0.20147424E-02
  0.16672297E-02
  0.12505344E-02
  0.70560013E-03
  0.57589348E-03
  0.44457101E-03
  0.24628682E-02
  0.25819637E-02
  0.21963486E-02
  0.19348308E-02
  0.17542204E-02
  0.14299544E-02
  0.10079595E-02
  0.96014796E-03
  0.18895833E-02
  0.37086588E-02
  0.64774834E-02
  0.94804379E-02
  0.11252573E-01
  0.16373974E-01
  0.22741703E-01
  0.24792355E-01
  0.19453435E-01
  0.45678106E-01
  0.39558363E-01
  0.35338480E-01
  0.21410333E-01
  0.13797134E-01
  0.62871345E-02
  0.46980205E-02
  0.37192110E-02
  0.29642288E-02
  0.25859633E-02
  0.22487936E-02
  0.18573018E-02
  0.18556711E-02
  0.11432667E-02
  0.12983057E-02
  0.77646665E-03
  0.28233548E-02
  0.26074650E-02
  0.24939386E-02
  0.22875902E-02
  0.20371311E-02
  0.15930806E-02
  0.10689699E-02
  0.12176722E-02
  0.25996218E-02
  0.48756285E-02
  0.75860234E-02
  0.10887553E-01
  0.11099850E-01
  0.13349884E-01
  0.14250446E-01
  0.23698385E-01
  0.25054143E-01
  0.29290667E-01
  0.15826791E-01
  0.69666510E-02
  0.56267230E-02
  0.38486291E-02
  0.31538515E-02
  0.28050477E-02
  0.22621496E-02
  0.26747475E-02
  0.18194256E-02
  0.22281514E-02
  0.14968343E-02
  0.33458000E-02
  0.35287541E-02
  0.29585237E-02
  0.27391252E-02
  0.24535294E-02
  0.16987763E-02
  0.10287464E-02
  0.87347375E-03
  0.26178638E-02
  0.37066630E-02
  0.39915141E-02
  0.45450775E-02
  0.69651123E-02
  0.88006897E-02
  0.92175961E-02
  0.11606266E-01
  0.77643880E-02
  0.40713092E-02
  0.31647716E-02
  0.34614963E-02
  0.29504663E-02
  0.37572078E-02
  0.26510754E-02
  0.32488016E-02
  0.23104266E-02
  0.35105456E-02
  0.48288826E-02
  0.34202127E-02
  0.31742347E-02
  0.27893514E-02
  0.18547072E-02
  0.17477294E-02
  0.42725249E-02
  0.50927074E-02
  0.52362341E-02
  0.55245284E-02
  0.56984591E-02
  0.49410285E-02
  0.24484196E-02
  0.35199821E-02
  0.70146972E-02
  0.54306706E-02
  0.80219707E-02
  0.40413539E-02
  0.55417373E-02
  0.37045744E-02
  0.44719190E-02
  0.71035800E-02
  0.48704826E-02
  0.41309175E-02
  0.24949306E-02
  0.56463008E-02
  0.76455614E-02
  0.84307307E-02
  0.86688159E-02
  0.80150965E-02
  0.62114275E-02
  0.38187559E-02
  0.90796105E-02
  0.20946935E-01
  0.10302438E-01
  0.14080020E-01
  0.46665261E-02
  0.64846228E-02
  0.10873392E-01
  0.48155274E-02
  0.66044555E-02
  0.10824901E-01
  0.11157882E-01
  0.98613201E-02
  0.81801575E-02
  0.57177197E-02
  0.64343008E-02
  0.15494002E-01
  0.27748911E-01
  0.73620166E-02
  0.51043452E-02
  0.64540755E-02
  0.81260320E-02
  0.78902664E-02
  0.69919636E-02
  0.60857693E-02
  0.41882858E-02
  0.55173017E-02
  0.15540130E-01
  0.56240465E-02
  0.45053052E-02
  0.49922930E-02
  0.45002821E-02
  0.35486308E-02
  0.23188780E-02
  0.36732790E-02
  0.57382442E-02
  0.34005254E-02
  0.31336511E-02
  0.24023953E-02
  0.13677114E-02
  0.12347610E-02
  0.18157347E-02
  0.55190657E-02
  0.32986870E-02
  0.21199430E-02
  0.10677527E-02
  0.52770829E-03
  0.84558031E-03
  0.10794016E-02
  0.53030405E-02
  0.33343226E-02
  0.18128216E-02
  0.53027912E-03
  0.34561555E-03
  0.66109083E-03
  0.89925170E-03
  0.50927929E-02
  0.33517239E-02
  0.17457552E-02
  0.40736552E-03
  0.30117584E-03
  0.56495556E-03
  0.83289352E-03
  0.49765554E-02
  0.33408398E-02
  0.17171622E-02
  0.37456060E-03
  0.36232489E-03
  0.57587231E-03
  0.82052048E-03
  0.49891909E-02
  0.33082811E-02
  0.16480086E-02
  0.31491204E-03
  0.38034874E-03
  0.56771624E-03
  0.78198037E-03
  0.51777886E-02
  0.32640515E-02
  0.15411938E-02
  0.23626208E-03
  0.31538220E-03
  0.55389906E-03
  0.75416172E-03
  0.56164892E-02
  0.32194661E-02
  0.14832970E-02
  0.34355727E-03
  0.46429954E-03
  0.68934789E-03
  0.83340624E-03
  0.64797586E-02
  0.32011238E-02
  0.17898333E-02
  0.11047259E-02
  0.83171027E-03
  0.10833723E-02
  0.14341675E-02
  0.73891004E-02
  0.36899516E-02
  0.29969430E-02
  0.32366662E-02
  0.22954679E-02
  0.19181078E-02
  0.33554150E-02
  0.97307541E-02
  0.60730249E-02
  0.10406432E-01
  0.82435356E-02
  0.85170619E-02
  0.42900575E-02
  0.88354364E-02
  0.30585794E-01
  0.27704109E-01
  0.29238307E-01
  0.26405717E-01
  0.23101983E-01
  0.22823961E-01
  0.24664438E-01
  0.39119338E-02
  0.54704661E-02
  0.10974862E-01
  0.20185077E-01
  0.34565963E-01
  0.31638351E-01
  0.48587744E-01
  0.46368046E-01
  0.42854727E-01
  0.37987267E-01
  0.30965028E-01
  0.12924165E-01
  0.31747758E-01
  0.13075055E-01
  0.46868189E-02
  0.30839523E-02
  0.31562326E-02
  0.32933870E-02
  0.59070858E-02
  0.39623121E-02
  0.56629422E-02
  0.63567624E-02
  0.89533416E-02
  0.12587680E-01
  0.10235435E-01
  0.27839752E-01
  0.29180426E-01
  0.25947547E-01
  0.20822184E-01
  0.10158678E-01
  0.53827165E-02
  0.11246164E-01
  0.49705173E-02
  0.35750296E-02
  0.32013044E-02
  0.30423614E-02
  0.27163749E-02
  0.22602000E-02
  0.28235855E-02
  0.37588558E-02
  0.30023563E-02
  0.38570069E-02
  0.27614349E-02
  0.33029666E-02
  0.30100543E-02
  0.21464712E-02
  0.51138725E-02
  0.10490370E-01
  0.92995229E-02
  0.82508546E-02
  0.71168605E-02
  0.90855940E-02
  0.15066906E-01
  0.12693103E-01
  0.65792075E-02
  0.51347753E-02
  0.37506630E-02
  0.27325275E-02
  0.18186500E-02
  0.21055984E-02
  0.18491102E-02
  0.16018839E-02
  0.12337221E-02
  0.22972435E-02
  0.32592942E-02
  0.24402742E-02
  0.31764708E-02
  0.18723585E-02
  0.16870712E-02
  0.12297414E-02
  0.18193502E-02
  0.41346233E-02
  0.79143096E-02
  0.21493442E-01
  0.38220084E-01
  0.33907278E-01
  0.31193976E-01
  0.27849971E-01
  0.32228092E-01
  0.39612840E-01
  0.33968467E-01
  0.14958341E-01
  0.66268165E-02
  0.44402407E-02
  0.26871963E-02
  0.19243075E-02
  0.15772791E-02
  0.12868573E-02
  0.12370102E-02
  0.95275602E-03
  0.66563541E-03
  0.54622914E-03
  0.19475710E-02
  0.27589626E-02
  0.20248348E-02
  0.26784832E-02
  0.14425057E-02
  0.13395982E-02
  0.69531846E-03
  0.56346616E-03
  0.21564584E-02
  0.41997407E-02
  0.76772811E-02
  0.17447610E-01
  0.31621427E-01
  0.50569146E-01
  0.53456573E-01
  0.57417256E-01
  0.55228294E-01
  0.57386245E-01
  0.52413255E-01
  0.42810295E-01
  0.25378726E-01
  0.10351793E-01
  0.46316002E-02
  0.34657882E-02
  0.24276770E-02
  0.17614397E-02
  0.14243245E-02
  0.11957853E-02
  0.92536667E-03
  0.61558942E-03
  0.35905218E-03
  0.30531946E-03
  0.95879311E-03
  0.16384406E-02
  0.23297559E-02
  0.17143862E-02
  0.22726021E-02
  0.11989904E-02
  0.11518436E-02
  0.57819423E-03
  0.13201137E-03
  0.15056019E-02
  0.31456058E-02
  0.54183450E-02
  0.80528159E-02
  0.10688927E-01
  0.26296912E-01
  0.37547548E-01
  0.39882510E-01
  0.29692467E-01
  0.50803950E-01
  0.52562021E-01
  0.28644586E-01
  0.10219971E-01
  0.65148395E-02
  0.50453349E-02
  0.33116443E-02
  0.23915303E-02
  0.18711982E-02
  0.15542882E-02
  0.13547154E-02
  0.11584642E-02
  0.95334801E-03
  0.10366636E-02
  0.16553725E-02
  0.18632436E-02
  0.25117025E-02
  0.13499396E-02
  0.19334052E-02
  0.14454075E-02
  0.19188021E-02
  0.10106271E-02
  0.98159765E-03
  0.51033765E-03
  0.11825234E-03
  0.11654785E-02
  0.24196648E-02
  0.41940619E-02
  0.60777309E-02
  0.74676065E-02
  0.99520561E-02
  0.14768622E-01
  0.24991594E-01
  0.11120366E-01
  0.18183484E-01
  0.14483091E-01
  0.78445487E-02
  0.49106715E-02
  0.42622704E-02
  0.33076380E-02
  0.23448574E-02
  0.19251973E-02
  0.17195863E-02
  0.15789842E-02
  0.15226893E-02
  0.15389741E-02
  0.16488768E-02
  0.25981405E-02
  0.38249999E-02
  0.36333962E-02
  0.41844617E-02
  0.10711546E-02
  0.15427546E-02
  0.11941258E-02
  0.15795554E-02
  0.84063188E-03
  0.83845750E-03
  0.44496202E-03
  0.15612667E-03
  0.96962696E-03
  0.20061213E-02
  0.34918684E-02
  0.50680227E-02
  0.62070359E-02
  0.76291774E-02
  0.95337893E-02
  0.11296008E-01
  0.48795998E-02
  0.61283339E-02
  0.67069926E-02
  0.50611312E-02
  0.34195072E-02
  0.27377600E-02
  0.22451067E-02
  0.17899368E-02
  0.16816283E-02
  0.16732847E-02
  0.16932464E-02
  0.18734026E-02
  0.22572563E-02
  0.27538270E-02
  0.43195800E-02
  0.60278907E-02
  0.54395580E-02
  0.50437408E-02
  0.80790670E-03
  0.11468272E-02
  0.94998300E-03
  0.12387957E-02
  0.67646446E-03
  0.68936876E-03
  0.37495286E-03
  0.16058958E-03
  0.81931768E-03
  0.17178405E-02
  0.29731454E-02
  0.42029335E-02
  0.52944505E-02
  0.65729800E-02
  0.81468579E-02
  0.81570676E-02
  0.51618317E-02
  0.42955005E-02
  0.45370768E-02
  0.31094128E-02
  0.19572429E-02
  0.15193705E-02
  0.14786451E-02
  0.14323269E-02
  0.15231562E-02
  0.16647755E-02
  0.18733188E-02
  0.23843191E-02
  0.31968165E-02
  0.40617066E-02
  0.58328517E-02
  0.77221157E-02
  0.74766248E-02
  0.70261856E-02
  0.59218851E-03
  0.73265034E-03
  0.71656590E-03
  0.89048798E-03
  0.51628639E-03
  0.53398938E-03
  0.29431868E-03
  0.12962446E-03
  0.70576791E-03
  0.14601533E-02
  0.25210069E-02
  0.34932373E-02
  0.44490931E-02
  0.57787987E-02
  0.70665347E-02
  0.64804782E-02
  0.47312146E-02
  0.23341560E-02
  0.22056793E-02
  0.12198671E-02
  0.77313575E-03
  0.82508529E-03
  0.10877647E-02
  0.12467868E-02
  0.14374905E-02
  0.17208421E-02
  0.21987962E-02
  0.31767110E-02
  0.45360048E-02
  0.56136479E-02
  0.84572491E-02
  0.13468143E-01
  0.15117914E-01
  0.20129544E-01
  0.54065937E-03
  0.41205589E-03
  0.53099261E-03
  0.51736760E-03
  0.36448561E-03
  0.37564734E-03
  0.21692948E-03
  0.10174573E-03
  0.60822433E-03
  0.12361583E-02
  0.21333050E-02
  0.29613542E-02
  0.37208926E-02
  0.50131610E-02
  0.58788778E-02
  0.51239220E-02
  0.44246621E-02
  0.64852696E-03
  0.36571196E-03
  0.43101732E-03
  0.58485048E-03
  0.87359384E-03
  0.10901705E-02
  0.12516497E-02
  0.15123689E-02
  0.20447121E-02
  0.29765550E-02
  0.46614734E-02
  0.64886744E-02
  0.87712602E-02
  0.18699371E-01
  0.33321389E-01
  0.33753752E-01
  0.30164452E-01
  0.72581997E-03
  0.66632937E-03
  0.64351086E-03
  0.30532905E-03
  0.25476616E-03
  0.20499257E-03
  0.15418841E-03
  0.11568794E-03
  0.50653058E-03
  0.10112743E-02
  0.17546934E-02
  0.24590656E-02
  0.31271960E-02
  0.42850479E-02
  0.52523512E-02
  0.47141440E-02
  0.40260021E-02
  0.78473842E-03
  0.82167645E-03
  0.98117237E-03
  0.10336839E-02
  0.12280308E-02
  0.13702031E-02
  0.15349961E-02
  0.20271033E-02
  0.30617214E-02
  0.45646434E-02
  0.69313095E-02
  0.12623585E-01
  0.22013169E-01
  0.38251909E-01
  0.51567302E-01
  0.44464494E-01
  0.29774751E-01
  0.78883409E-03
  0.87746293E-03
  0.11193610E-02
  0.70672793E-03
  0.54730953E-03
  0.31871558E-03
  0.20891295E-03
  0.21579901E-03
  0.41491205E-03
  0.77461678E-03
  0.13622512E-02
  0.19462665E-02
  0.25311823E-02
  0.35276889E-02
  0.43798081E-02
  0.39750326E-02
  0.34686941E-02
  0.15172598E-02
  0.16218670E-02
  0.17099130E-02
  0.16693055E-02
  0.17428893E-02
  0.19610326E-02
  0.22537292E-02
  0.32195270E-02
  0.49351406E-02
  0.66318418E-02
  0.15537906E-01
  0.29761222E-01
  0.36149389E-01
  0.47940726E-01
  0.52485127E-01
  0.45628711E-01
  0.28152712E-01
  0.64796092E-03
  0.83023009E-03
  0.12099204E-02
  0.10679454E-02
  0.78083763E-03
  0.55663508E-03
  0.48398226E-03
  0.58523583E-03
  0.96383740E-03
  0.14145190E-02
  0.19188889E-02
  0.27535843E-02
  0.34938494E-02
  0.32280275E-02
  0.28823459E-02
  0.24252792E-02
  0.25067194E-02
  0.26167385E-02
  0.27606028E-02
  0.28524589E-02
  0.24753260E-02
  0.23123898E-02
  0.37809074E-02
  0.70830227E-02
  0.16869496E-01
  0.27862622E-01
  0.32683290E-01
  0.26054544E-01
  0.20264797E-01
  0.15183109E-01
  0.14112166E-02
  0.15417147E-02
  0.16933410E-02
  0.14692953E-02
  0.11004079E-02
  0.79605501E-03
  0.73758784E-03
  0.91773365E-03
  0.12905987E-02
  0.19599747E-02
  0.25945058E-02
  0.24756672E-02
  0.22944548E-02
  0.38103181E-02
  0.44577206E-02
  0.41948061E-02
  0.48560798E-02
  0.58728440E-02
  0.49249155E-02
  0.31951808E-02
  0.32527263E-02
  0.99197063E-02
  0.11609724E-01
  0.91833719E-02
  0.67213834E-02
  0.60410549E-02
  0.28278007E-02
  0.24115699E-02
  0.22935487E-02
  0.18884814E-02
  0.13621943E-02
  0.89253916E-03
  0.74810844E-03
  0.11816606E-02
  0.16929321E-02
  0.17203390E-02
  0.17042311E-02
  0.67117048E-02
  0.12218247E-01
  0.12208896E-01
  0.11938159E-01
  0.12512074E-01
  0.65476044E-02
  0.39186913E-02
  0.59021642E-02
  0.73516243E-02
  0.88971559E-02
  0.13803818E-01
  0.51544011E-02
  0.35313434E-02
  0.29591023E-02
  0.22327562E-02
  0.14224933E-02
  0.76586080E-03
  0.80412945E-03
  0.95096829E-03
  0.11090270E-02
  0.15541735E-01
  0.23999389E-01
  0.22157473E-01
  0.15463373E-01
  0.93802832E-02
  0.90002985E-02
  0.13165959E-01
  0.14955067E-01
  0.14397532E-01
  0.78027763E-02
  0.51867106E-02
  0.37633764E-02
  0.25559188E-02
  0.96854047E-03
  0.26870882E-03
  0.40097827E-03
  0.24031540E-01
  0.29786048E-01
  0.18786160E-01
  0.14477937E-01
  0.18817256E-01
  0.18483079E-01
  0.12275917E-01
  0.14013394E-01
  0.75799042E-02
  0.27171196E-02
  0.28024448E-02
  0.16889061E-02
  0.21505595E-01
  0.14447289E-01
  0.12460035E-01
  0.14677114E-01
  0.17764933E-01
  0.27741115E-01
  0.14413885E-01
  0.17343843E-02
  0.91488325E-02
  0.65254499E-02
  0.50745837E-02
  0.66438413E-02
  0.74623232E-02
  0.38238334E-01
  0.21109893E-01
  0.15182976E-02
  0.14123469E-01
  0.29704800E-02
  0.23693738E-02
  0.34618023E-02
  0.40461194E-02
  0.43592700E-01
  0.23908943E-01
  0.14562652E-02
  0.16244770E-01
  0.21238622E-02
  0.13547439E-02
  0.18336958E-02
  0.22024532E-02
  0.45202108E-01
  0.24671824E-01
  0.15295211E-02
  0.17004761E-01
  0.18160436E-02
  0.93172338E-03
  0.95574461E-03
  0.10459778E-02
  0.44633801E-01
  0.24204633E-01
  0.16560258E-02
  0.17022376E-01
  0.16369616E-02
  0.77476370E-03
  0.54252085E-03
  0.53599099E-03
  0.42301436E-01
  0.22695865E-01
  0.17870954E-02
  0.16348860E-01
  0.15330318E-02
  0.69896440E-03
  0.43797997E-03
  0.41867237E-03
  0.38348014E-01
  0.20251180E-01
  0.18500982E-02
  0.14947814E-01
  0.14731090E-02
  0.67843383E-03
  0.60949062E-03
  0.65382496E-03
  0.33022723E-01
  0.17077081E-01
  0.18079115E-02
  0.12931766E-01
  0.15956092E-02
  0.87809327E-03
  0.11598789E-02
  0.13804772E-02
  0.26510019E-01
  0.13060037E-01
  0.17504313E-02
  0.10421650E-01
  0.20941384E-02
  0.15225892E-02
  0.22608248E-02
  0.29867619E-02
  0.18896740E-01
  0.94021234E-02
  0.16487170E-02
  0.70185775E-02
  0.35529189E-02
  0.26365552E-02
  0.43643851E-02
  0.50829533E-02
  0.10982020E-01
  0.66181730E-02
  0.21052789E-02
  0.32500330E-02
  0.12476945E-01
  0.11507173E-01
  0.10258648E-01
  0.10998372E-01
  0.70446469E-02
  0.46693740E-02
  0.25713440E-02
  0.21016628E-02
  0.11985066E-02
  0.22128045E-01
  0.16666551E-01
  0.21485649E-01
  0.21340127E-01
  0.19674622E-01
  0.50063209E-02
  0.33824215E-02
  0.27245323E-02
  0.17078846E-02
  0.10092439E-02
  0.50905263E-03
  0.17995415E-03
  0.13645126E-01
  0.34066650E-01
  0.16036603E-01
  0.11993906E-01
  0.16904626E-01
  0.21939823E-01
  0.23197137E-01
  0.28194467E-02
  0.23955398E-02
  0.21360998E-02
  0.17316786E-02
  0.12747448E-02
  0.79299674E-03
  0.61610942E-03
  0.65035183E-03
  0.10269640E-02
  0.89814209E-02
  0.28319695E-01
  0.17898419E-01
  0.27712453E-01
  0.10907465E-01
  0.62077797E-02
  0.10330605E-01
  0.11484934E-01
  0.12584758E-01
  0.13533084E-02
  0.16133286E-02
  0.13710112E-02
  0.14412353E-02
  0.14607049E-02
  0.12960940E-02
  0.10426761E-02
  0.12120980E-02
  0.17099092E-02
  0.16481222E-02
  0.19604679E-02
  0.45604541E-02
  0.12518490E-01
  0.87924667E-02
  0.18643276E-01
  0.10865204E-01
  0.65737339E-02
  0.18874508E-02
  0.46245436E-02
  0.64408457E-02
  0.59539262E-02
  0.58066611E-02
  0.37869799E-03
  0.97386438E-03
  0.10575656E-02
  0.13912588E-02
  0.15094313E-02
  0.14570932E-02
  0.13894283E-02
  0.13745301E-02
  0.14340558E-02
  0.21268792E-02
  0.29591402E-02
  0.26506256E-02
  0.28945740E-02
  0.30566489E-02
  0.40679015E-02
  0.34380518E-02
  0.63301426E-02
  0.48789114E-02
  0.52756336E-02
  0.29915006E-02
  0.80299018E-02
  0.20733863E-01
  0.22575515E-01
  0.20029075E-01
  0.15049955E-01
  0.11790278E-01
  0.49064439E-02
  0.33166949E-02
  0.18137577E-02
  0.17302907E-02
  0.14722353E-02
  0.14047481E-02
  0.13816399E-02
  0.13654622E-02
  0.14802581E-02
  0.17452929E-02
  0.20581878E-02
  0.30867145E-02
  0.42003065E-02
  0.36418552E-02
  0.38286658E-02
  0.16802010E-02
  0.25530442E-02
  0.22601180E-02
  0.30653844E-02
  0.24917546E-02
  0.32129713E-02
  0.40940973E-02
  0.55602383E-02
  0.10364822E-01
  0.23146014E-01
  0.37351178E-01
  0.43999762E-01
  0.42157150E-01
  0.42874156E-01
  0.42247328E-01
  0.39805304E-02
  0.44918212E-02
  0.26166714E-02
  0.15531099E-02
  0.12218362E-02
  0.11806554E-02
  0.11249314E-02
  0.11638154E-02
  0.12401808E-02
  0.13697778E-02
  0.17080432E-02
  0.22175883E-02
  0.27262266E-02
  0.40456427E-02
  0.54379740E-02
  0.46381195E-02
  0.47759757E-02
  0.72073718E-03
  0.12995622E-02
  0.12574844E-02
  0.19863585E-02
  0.20446497E-02
  0.25740075E-02
  0.32612315E-02
  0.44915315E-02
  0.64669849E-02
  0.95232073E-02
  0.21072741E-01
  0.40050750E-01
  0.42104018E-01
  0.54169798E-01
  0.55619964E-01
  0.58666305E-01
  0.55789689E-01
  0.17309136E-02
  0.16101139E-02
  0.91592024E-03
  0.60590257E-03
  0.62603300E-03
  0.79364451E-03
  0.88231378E-03
  0.98791042E-03
  0.11526050E-02
  0.14285044E-02
  0.19896047E-02
  0.27239080E-02
  0.34159989E-02
  0.50110459E-02
  0.66673642E-02
  0.57017526E-02
  0.51676658E-02
  0.35375450E-03
  0.20320048E-03
  0.43303374E-03
  0.11574583E-02
  0.16083693E-02
  0.20082132E-02
  0.24703627E-02
  0.30598265E-02
  0.41153486E-02
  0.50806480E-02
  0.79819455E-02
  0.17496905E-01
  0.28376651E-01
  0.48873672E-01
  0.52630537E-01
  0.43250475E-01
  0.35458761E-01
  0.44243049E-03
  0.22406043E-03
  0.28771695E-03
  0.38438287E-03
  0.56695664E-03
  0.68834453E-03
  0.75867734E-03
  0.86281121E-03
  0.10880062E-02
  0.15166790E-02
  0.23132747E-02
  0.32764777E-02
  0.41595305E-02
  0.58342708E-02
  0.74072496E-02
  0.66032652E-02
  0.60589535E-02
  0.19784396E-02
  0.13584016E-02
  0.13390606E-02
  0.12540809E-02
  0.15559267E-02
  0.19050427E-02
  0.22454335E-02
  0.25735477E-02
  0.30930070E-02
  0.37478948E-02
  0.49294938E-02
  0.70640648E-02
  0.95915713E-02
  0.22346020E-01
  0.35256067E-01
  0.38102989E-01
  0.23927119E-01
  0.50449314E-03
  0.53972918E-03
  0.60794453E-03
  0.61826846E-03
  0.72245622E-03
  0.74525567E-03
  0.72146450E-03
  0.77644060E-03
  0.10509060E-02
  0.16695273E-02
  0.27450592E-02
  0.39924013E-02
  0.51547044E-02
  0.69168683E-02
  0.92269962E-02
  0.88271929E-02
  0.73122550E-02
  0.36525961E-02
  0.34364833E-02
  0.35501659E-02
  0.27945053E-02
  0.19983554E-02
  0.22061467E-02
  0.23422146E-02
  0.24834353E-02
  0.27015602E-02
  0.29615026E-02
  0.36225301E-02
  0.48775940E-02
  0.55680700E-02
  0.73954852E-02
  0.13222764E-01
  0.19821993E-01
  0.99261778E-02
  0.94456692E-03
  0.10286888E-02
  0.99382387E-03
  0.91514865E-03
  0.93725595E-03
  0.87320426E-03
  0.74594994E-03
  0.74788241E-03
  0.11171288E-02
  0.19862245E-02
  0.34025165E-02
  0.51019221E-02
  0.62036112E-02
  0.92982462E-02
  0.13847498E-01
  0.12288978E-01
  0.14320827E-01
  0.47721880E-02
  0.50873283E-02
  0.56886471E-02
  0.46920622E-02
  0.29577473E-02
  0.28537419E-02
  0.26203522E-02
  0.25415007E-02
  0.25745807E-02
  0.25862902E-02
  0.27910417E-02
  0.33109063E-02
  0.35992169E-02
  0.52949056E-02
  0.69845479E-02
  0.65970292E-02
  0.52260770E-02
  0.14034326E-02
  0.15052813E-02
  0.13795101E-02
  0.12214107E-02
  0.11853367E-02
  0.10405552E-02
  0.83465078E-03
  0.84877755E-03
  0.14138008E-02
  0.25869499E-02
  0.44901476E-02
  0.64811570E-02
  0.85763527E-02
  0.14949682E-01
  0.24092039E-01
  0.21712384E-01
  0.25429741E-01
  0.64978434E-02
  0.13046788E-01
  0.95705578E-02
  0.63149929E-02
  0.44715064E-02
  0.38323297E-02
  0.30793523E-02
  0.26826060E-02
  0.25302245E-02
  0.23715780E-02
  0.22944824E-02
  0.23092492E-02
  0.22501728E-02
  0.34472591E-02
  0.44097621E-02
  0.41702242E-02
  0.38832154E-02
  0.18673877E-02
  0.19778995E-02
  0.17777514E-02
  0.15504414E-02
  0.14759000E-02
  0.12735732E-02
  0.10497785E-02
  0.12111528E-02
  0.21087355E-02
  0.37257556E-02
  0.62989065E-02
  0.10283196E-01
  0.15073044E-01
  0.26557029E-01
  0.41275752E-01
  0.36232849E-01
  0.31273572E-01
  0.15506233E-01
  0.36764640E-01
  0.24116458E-01
  0.12517187E-01
  0.63391072E-02
  0.56509714E-02
  0.40184095E-02
  0.30625497E-02
  0.26175144E-02
  0.22917824E-02
  0.20575221E-02
  0.17596160E-02
  0.14680262E-02
  0.15736930E-02
  0.20241296E-02
  0.20918880E-02
  0.24652999E-02
  0.23587376E-02
  0.24697125E-02
  0.22278955E-02
  0.20319823E-02
  0.18993926E-02
  0.16843875E-02
  0.14570678E-02
  0.19102567E-02
  0.32792798E-02
  0.53345843E-02
  0.10984741E-01
  0.19462650E-01
  0.26636672E-01
  0.39792386E-01
  0.51299554E-01
  0.41949952E-01
  0.28121749E-01
  0.27233506E-01
  0.40256388E-01
  0.46014564E-01
  0.39288451E-01
  0.16815084E-01
  0.98657023E-02
  0.54178663E-02
  0.40417782E-02
  0.31854064E-02
  0.25084146E-02
  0.21364038E-02
  0.17524654E-02
  0.13846569E-02
  0.94446616E-03
  0.42862578E-03
  0.57631369E-04
  0.82276482E-03
  0.29470193E-02
  0.28050071E-02
  0.27621051E-02
  0.27163791E-02
  0.26674694E-02
  0.20965062E-02
  0.19711272E-02
  0.28913421E-02
  0.51802876E-02
  0.97678561E-02
  0.19372701E-01
  0.30830064E-01
  0.34258350E-01
  0.43961663E-01
  0.50557856E-01
  0.46511462E-01
  0.38565107E-01
  0.53888668E-01
  0.52372494E-01
  0.51445180E-01
  0.36308238E-01
  0.27422174E-01
  0.12314226E-01
  0.58970256E-02
  0.47870463E-02
  0.33233431E-02
  0.26686979E-02
  0.22183027E-02
  0.17415633E-02
  0.17244216E-02
  0.10180491E-02
  0.94935507E-03
  0.45337508E-03
  0.39111725E-02
  0.45572236E-02
  0.37795010E-02
  0.39764362E-02
  0.45906109E-02
  0.35251570E-02
  0.23903216E-02
  0.29247551E-02
  0.76305318E-02
  0.16330273E-01
  0.25011344E-01
  0.28547555E-01
  0.25274916E-01
  0.24055699E-01
  0.24258114E-01
  0.31405698E-01
  0.32492635E-01
  0.37539436E-01
  0.27179409E-01
  0.13826790E-01
  0.69967567E-02
  0.47536172E-02
  0.34845699E-02
  0.30750847E-02
  0.23226104E-02
  0.28053537E-02
  0.19719293E-02
  0.21509843E-02
  0.13567410E-02
  0.53705433E-02
  0.86360527E-02
  0.80484605E-02
  0.78005008E-02
  0.77788832E-02
  0.56493782E-02
  0.29620991E-02
  0.29800189E-02
  0.84079890E-02
  0.87551326E-02
  0.73351730E-02
  0.65462477E-02
  0.76461936E-02
  0.10282423E-01
  0.12362270E-01
  0.14075405E-01
  0.95491163E-02
  0.29413616E-02
  0.40337226E-02
  0.56360169E-02
  0.43480321E-02
  0.48246984E-02
  0.31445582E-02
  0.32226621E-02
  0.25016694E-02
  0.11022665E-01
  0.16900822E-01
  0.15076165E-01
  0.13544899E-01
  0.11973526E-01
  0.57487883E-02
  0.48717081E-02
  0.69720976E-02
  0.79619603E-02
  0.87572290E-02
  0.88488094E-02
  0.84071774E-02
  0.64444201E-02
  0.35029957E-02
  0.44396385E-02
  0.11155001E-01
  0.10900483E-01
  0.16731878E-01
  0.71971912E-02
  0.88300828E-02
  0.37572948E-02
  0.17723760E-01
  0.25084715E-01
  0.20739576E-01
  0.13073103E-01
  0.69854092E-02
  0.13088006E-01
  0.18734854E-01
  0.21307858E-01
  0.21182815E-01
  0.17647628E-01
  0.11990057E-01
  0.59839049E-02
  0.13475876E-01
  0.29543738E-01
  0.17809378E-01
  0.26533447E-01
  0.72084320E-02
  0.22713100E-01
  0.28122902E-01
  0.14693983E-01
  0.20240081E-01
  0.27028035E-01
  0.25744829E-01
  0.22820029E-01
  0.19208875E-01
  0.14187813E-01
  0.11887958E-01
  0.19829720E-01
  0.31126368E-01
  0.11900969E-01
  0.18381799E-01
  0.18980369E-01
  0.16864670E-01
  0.14778501E-01
  0.12394724E-01
  0.12069222E-01
  0.11420623E-01
  0.12800202E-01
  0.20979845E-01
  0.78658149E-02
  0.54723877E-02
  0.63640029E-02
  0.57868143E-02
  0.49845157E-02
  0.41922216E-02
  0.74752113E-02
  0.50637979E-02
  0.28336962E-02
  0.31937996E-02
  0.29021813E-02
  0.19718284E-02
  0.14907119E-02
  0.22888489E-02
  0.50146319E-02
  0.27379965E-02
  0.19724607E-02
  0.12867624E-02
  0.55864810E-03
  0.80538355E-03
  0.10094317E-02
  0.50038965E-02
  0.30264934E-02
  0.17322863E-02
  0.71496397E-03
  0.29418088E-03
  0.52365347E-03
  0.67774165E-03
  0.49302594E-02
  0.32724334E-02
  0.18656088E-02
  0.71540010E-03
  0.13489308E-03
  0.39305687E-03
  0.61155078E-03
  0.48884533E-02
  0.34503763E-02
  0.20839089E-02
  0.89957653E-03
  0.14936394E-03
  0.35028373E-03
  0.59884865E-03
  0.48810656E-02
  0.35795290E-02
  0.22841847E-02
  0.11098518E-02
  0.16083779E-03
  0.31988405E-03
  0.61071749E-03
  0.48934516E-02
  0.36687481E-02
  0.24406946E-02
  0.12866729E-02
  0.24546287E-03
  0.28086376E-03
  0.60467986E-03
  0.49011822E-02
  0.37231542E-02
  0.25530177E-02
  0.14211970E-02
  0.34380646E-03
  0.24718836E-03
  0.59165769E-03
  0.48749838E-02
  0.37497088E-02
  0.26326340E-02
  0.15150440E-02
  0.42375989E-03
  0.22202793E-03
  0.58258109E-03
  0.47744461E-02
  0.37805871E-02
  0.26924966E-02
  0.15469543E-02
  0.46130732E-03
  0.21649334E-03
  0.61479837E-03
  0.44802624E-02
  0.39143813E-02
  0.26641447E-02
  0.15005630E-02
  0.42586386E-03
  0.20600279E-03
  0.59242806E-03
  0.49916375E-02
  0.38132666E-02
  0.25389645E-02
  0.14066730E-02
  0.31334302E-03
  0.30755762E-03
  0.56438911E-03
  0.56893545E-02
  0.35168566E-02
  0.24634835E-02
  0.13413045E-02
  0.23196484E-03
  0.38890800E-03
  0.57989250E-03
